team,section,section_name,through_week,text
ARI,team,Team efficiency,4,"A top-two run defense undone by the pass defense and, in Week 4, by turnovers. Arizona is 1–3 at −30, 2nd in EPA per rush allowed but 31st against the pass and 25th on defense overall. The offense slid from 13th to 19th in EPA per play after a 36–24 loss at the Giants in which Brissett threw 3 interceptions and the passing game fell to −0.46 EPA per dropback; the defense took the ball away 3 times in the same game."
ARI,dvoa,DVOA,4,"DVOA still has Arizona 19th (−6.5%). The offense is 12th and special teams 4th, but the defense ranks 29th."
ARI,personnel,Personnel & fronts,4,"A one-back offense (86% of plays; league 74%) that uses play action on 15% of dropbacks, the fewest in the league, and its two-back looks have cost −0.12 EPA per play. The defense plays the 3rd-fewest defensive backs and blitzes on 23% of dropbacks (8th lowest). Neither rush plan works: +0.31 EPA per dropback with four rushers (league +0.10) and +0.38 with five or more (league 0.00)."
ARI,motion,Presnap motion,4,"Arizona moves before the snap on 60% of plays (11th; league 58%) but is worse when it does: −0.11 EPA per play with motion against +0.09 without, the 8th-largest drop in the league. The defense sees motion more than all but two teams and has held up against it (−0.05 EPA per play). Without motion it is the worst in the league at +0.31, and +0.52 per dropback."
ARI,qb,Quarterbacks,4,"Jacoby Brissett is now 23rd of 33 qualifiers at −0.03 EPA per dropback, with 6 touchdowns and 4 interceptions, 3 of them at New York. He still completes 5.2 points above expectation on short, quick throws (6.3-yard average depth of target and 2.6 seconds to throw, both 3rd lowest). Blitzes are the problem: −0.39 EPA per dropback when opponents send extra rushers against +0.13 when they don't."
ARI,rb,Running backs,4,"Neither back is beating Next Gen Stats' expectation. Jeremiyah Love has 223 yards at 4.1 per carry (−0.09 over expected, 25th of 46 qualifiers) with a 47% success rate, and Tyler Allgeier 3.5 per carry (−0.14) at −0.17 EPA per carry. Backs get 2.1 yards before contact (24th). Arizona has 10 broken tackles (2.5 per game, 15th), 4 of them by Allgeier."
ARI,wr,Receivers & TE,4,"Trey McBride is still the focal point: 31% of the targets, 33 catches for 242 yards and 2 touchdowns, but his EPA per target fell to +0.20 from +0.42 a week ago. Michael Wilson draws 45% of the air yards yet averages 5.9 yards per target at −0.15 EPA. Kendrick Bourne (12 of 14, +0.33 EPA per target) has been the efficient option, while Marvin Harrison Jr. has 5 catches on 13 targets with a 16.4-yard average depth of target and 1.5 yards of separation."
ARI,ol,Offensive line,4,"Pass protection is about average: pressure on 22% of dropbacks (14th lowest) and a 4.3% sack rate (8th). Elijah Wilkinson and Hjalte Froholdt have played every snap and Paris Johnson and Isaac Seumalo nearly all of them, with Isaiah Adams and Jon Gaines sharing the fifth spot. The interior run game is the leak: 35 runs up the middle average 2.7 yards at −0.17 EPA, while runs off either end average 5.6 and 7.9 yards."
ARI,sacks,Who owns the sacks?,4,"No public stat measures this directly, because the time of each sack isn't released. The best free combination is pressure-to-sack rate (how often pressure becomes a sack, a measure that mostly reflects the QB) plus FTN's charting of each sack. For the first time this season FTN put sacks on Brissett: both Week 4 sacks against the Giants were charged to him. The other five were three standard rushes that won and two extended plays. He turns 19% of pressures into sacks (league 26%), so the low sack total is still mostly his quick release."
ARI,front,Front seven,4,"The run defense is elite (−0.23 EPA per rush, 2nd), but the pass rush is thin by volume at 6.8 pressures per game (25th). It has finished better lately, with 8 sacks and a 6.5% sack rate (12th, up from 24th). Walter Nolen and Josh Sweat have 5 pressures each and a sack apiece, Budda Baker has 1.5 sacks from safety, and four other players have one."
ARI,db,Secondary,4,"Still the weak spot, 31st in EPA per dropback allowed. Budda Baker has allowed 200 yards and 2 touchdowns on 16 targets (109 passer rating), Denzel Burke 2 touchdowns (101), and Max Melton 137 yards on 17 targets (104); Baker and Burke each have an interception. Andrew Wingard remains the exception, with an interception, a forced fumble, 3 tackles for loss and a 67 rating allowed."
ARI,cov,Coverage,4,"PFR's charting matches the EPA. Arizona has allowed a 106.7 passer rating (30th; league 93.2) and 8.8 yards per target (31st): 69 of 120 for 1,052 yards, 11 touchdowns (30th) and 3 interceptions. Opponents complete only 58% of those throws (6th lowest), but the catches are big ones. Linebackers have fared worst (114.4 rating on 31 targets, 30th among linebacker groups), and the safeties give up 13.4 yards per target."
ARI,st,Special teams,4,"A strength, 4th in special teams DVOA. Chad Ryland is 8 of 9 on field goals with a 60-yarder and 9 of 9 on extra points. Blake Gillikin has 7 of 20 punts inside the 20, and Jalen Brooks (26.2) and Devin Duvernay (29.5) both average over 26 yards per kickoff return."
ATL,team,Team efficiency,4,"Two straight wins since Michael Penix Jr. took over have pulled Atlanta to 2–2 and a +4 point differential. The offense has climbed to 18th in EPA per play (from 29th) and 5th in success rate, and the 45–24 win at New Orleans (+0.42 EPA per play, 422 yards, no turnovers) was its best game yet. The defense is 8th in EPA per play and 1st against the run. Giveaways (8) still outnumber takeaways (3), nearly all of that from Weeks 1 and 2."
ATL,dvoa,DVOA,4,"DVOA has caught up with the turnaround: Atlanta is 15th overall (from 23rd), with the offense up to 17th (from 27th) and the defense 8th. Special teams are still 27th."
ATL,personnel,Personnel & fronts,4,"A run-first offense (28th in pass rate over expected) that keeps about 1.6 tight ends on the field, 6th most. Two-back looks make up 25% of plays (league 20%) and have produced +0.28 EPA per play, against −0.14 with one back. The defense rushes four on 76% of dropbacks (league 66%) and blitzes on 23% by FTN's count (26th). Sending five or more has been slightly better so far (−0.04 EPA per dropback against +0.06 with four)."
ATL,motion,Presnap motion,4,"Motion is what makes the passing game work. Atlanta motions on 63% of plays (9th; league 58%), and its gain from motion, +0.23 EPA per play, is 5th largest. Dropbacks with motion are at −0.02 EPA against −0.49 without, the 2nd-biggest passing gap in the league, while runs do as well without it (+0.15) as with it (+0.11). On defense, Atlanta sees motion on only 48% of snaps and is equally sound either way (−0.05 EPA with, −0.06 without)."
ATL,qb,Quarterbacks,4,"Penix has turned the season around: +0.42 EPA per dropback on 46 dropbacks, completions 3.2 points above expectation (Next Gen Stats), 2 touchdowns, 1 interception, a 113.1 passer rating and one sack. Week 4 at New Orleans was his cleanest game, 15 of 20 for 223 yards and a touchdown (127.7 rating). Cooper Rush (−0.67 on 46) and Jack Strand (−0.60 on 19) still weigh on the team totals, which explains the 31st rank in passing EPA. Play action remains the best call (+0.58 EPA per dropback on 25 against −0.42 without)."
ATL,rb,Running backs,4,"Bijan Robinson is one of the best backs in the league: 494 yards at 5.8 per carry (3rd among qualifiers), 1.5 yards per carry over Next Gen Stats' expectation (2nd) and a 54% success rate. His 10 broken tackles through Week 3 rank 2nd behind Kenneth Walker (Pro Football Reference charting, which has not yet added the New Orleans game). Brian Robinson has been an efficient change of pace, +0.20 EPA per carry on 44 carries. Bijan's receiving has been low value, 14 catches for 120 yards at −0.33 EPA per target."
ATL,wr,Receivers & TE,4,"Drake London is the passing game: 20 catches on 25 targets for 370 yards, +0.93 EPA per target, 40% of the team's air yards and 2.1 yards after the catch above expectation. Jahan Dotson still gets the deep looks (14.9-yard average depth of target) but has caught 6 of 13 for −0.90 EPA per target. Kyle Pitts has 5 catches for 67 yards on 9 targets, and Austin Hooper has a touchdown among his 5 catches."
ATL,ol,Offensive line,4,"Through Week 3, Atlanta allowed pressure on 19% of dropbacks, 3rd lowest, and the sack rate has come down to 7.2% (23rd, from 26th) now that Penix is taking sacks on 2% of dropbacks. Bergeron and Neuzil have played every snap, Lindstrom 93% and Jawaan Taylor 90%, with Jake Matthews at 82%. Runs outside either end remain the best plays on the menu (10.9 yards per carry on 17 to the left end, 8.6 on 14 to the right), while runs behind right guard average 2.7."
ATL,sacks,Who owns the sacks?,4,"No public stat measures this directly, because the time of each sack isn't released. The best free combination is pressure-to-sack rate (how often pressure becomes a sack, a measure that mostly reflects the QB) plus FTN's charting of each sack. Here it points at the earlier quarterbacks more than the line. Cooper Rush turned 5 of his 8 pressures into sacks (63%, 2nd highest; league 26%), while Penix took none on his first two and was sacked once at New Orleans, on a six-man blitz. Of the eight sacks, three came on a standard rush, three on blitzes, one was an extended play and one FTN charged to Rush."
ATL,front,Front seven,4,"The run defense leads the league, −0.25 EPA per rush allowed, and is best of all against light boxes (−0.41 EPA per run with six or fewer in the box). The rush gets there without finishing: 12.0 pressures per game through Week 3 ranks 5th, but the 3.7% sack rate is 27th. Cameron Thomas leads with 7 pressures and 8 QB hits, Za'Darius Smith has 2.5 sacks and 4 tackles for loss in part-time work, and Samson Ebukam adds 1.5 sacks and 7 QB hits."
ATL,db,Secondary,4,"11th in EPA per dropback allowed (from 14th). Coverage charting stops at Week 3, where the touchdowns were concentrated in two players: Mike Hughes allowed 13 catches for 221 yards and 3 touchdowns (137 passer rating), and Jessie Bates III allowed 4 touchdowns on 12 targets. C.J. Henderson has been the steadiest corner, with 6 passes defensed and an 81 rating allowed on 22 targets. Xavier Watts has the unit's interception and a forced fumble."
ATL,cov,Coverage,4,"Through Week 3 (Pro Football Reference has not added the New Orleans game), Atlanta allowed a 98.5 passer rating in coverage (21st; league 93.2). Opponents completed just 56.8% of charted targets (5th lowest) but scored 9 touchdowns. Safeties were hit hardest, a 117.9 rating and 5 of the touchdowns on 30 targets; the corners were at 91.0 on 68 targets and the linebackers at 81.8, helped by Harold Perkins (5 of 11 for 34 yards)."
ATL,st,Special teams,4,"Still a weak spot, 27th in special teams DVOA. Nick Folk is 6 of 9 on field goals with a long of 51 and perfect on 10 extra points. Jake Bailey nets 38.4 yards per punt with 7 of 13 inside the 20, and Zachariah Branch averages 13.8 yards on punt returns."
BAL,team,Team efficiency,4,"Still one of the league's best offenses, with a defense that has climbed to above average. Baltimore ranks 3rd in offensive EPA per play, 2nd in success rate and 2nd passing, scoring 29.0 points per game. The defense moved from 18th to 10th in EPA per play after holding Tennessee to −0.16 EPA per play in the 24–18 Week 4 win, and the run defense is up to 21st. The 3–1 record comes with a +20 point differential."
BAL,dvoa,DVOA,4,"DVOA still has Baltimore 5th overall (21.3%), driven by the 3rd-ranked offense. The defense moved up from 15th to 12th, while special teams slipped to 25th."
BAL,personnel,Personnel & fronts,4,"Baltimore runs more than its situations would predict (9 points below expected pass rate, 6th-lowest) and has the 3rd most tight ends on the field. The defense plays more defensive backs than any team, 5.2 on average, so opponents see a light box on 66% of runs (league 45%). Sending five or more rushers (−0.09 EPA per dropback) still beats rushing four (+0.01), and Baltimore blitzes at about the league rate (31%)."
BAL,motion,Presnap motion,4,"Baltimore motions on 64% of snaps (7th; league 58%), and it has paid off in the run game: +0.14 EPA per run with motion against −0.24 without, the 2nd-biggest motion gain on runs. Passing is the reverse. Pass plays without motion (+0.59 EPA, 10.7 yards per play) have been far better than those with it (+0.20), the largest drop-off of any team. On defense, Baltimore is 7th against motion (−0.05 EPA per play)."
BAL,qb,Quarterbacks,4,"Lamar Jackson ranks 3rd of 33 qualified quarterbacks in EPA per dropback (+0.38), with six touchdowns, one interception and completions 7.1 points above expectation (3rd). Week 4 was his most accurate game yet: 15 of 20 for 222 yards, two touchdowns and +9.6 CPOE against Tennessee. He still holds the ball longer than most (3.1 seconds, 5th slowest), and play action (30% of dropbacks, 6th most) remains slightly better than straight dropbacks, +0.39 vs. +0.34 EPA."
BAL,rb,Running backs,4,"Derrick Henry has 374 yards on 89 carries (4.2 per carry, down from 4.6 through Week 3), still slightly above Next Gen Stats' expectation (+0.2 yards per carry, 15th of 46), with 209 of those yards after contact. His EPA per carry is just below break-even (−0.05) despite a 45% success rate. He has four broken tackles on runs and one after a catch (Pro Football Reference charting), Jackson has four on 19 carries, and the team ranks 10th in broken tackles per game."
BAL,wr,Receivers & TE,4,"Zay Flowers remains the big-play engine: 352 yards on 22 targets (16.0 per target), +1.09 EPA per target and 3.8 yards of YAC over expectation per catch, 3rd among 111 NGS-tracked receivers. Mark Andrews leads in targets (24%) on short routes (7.3-yard depth), and Rashod Bateman is the downfield option at a 13.0-yard depth and +0.73 EPA per target. Tight end Matthew Hibner has caught all five of his targets for 70 yards and a touchdown."
BAL,ol,Offensive line,4,"Pass protection has been among the league's best: Baltimore allows pressure on 20% of dropbacks (4th lowest), though the sack rate is middling (5.8%, 17th). John Simpson, Olaivavega Ioane and Roger Rosengarten have played every snap, while Ronnie Stanley (69%) and Jovaughn Gwyn (68%) have shared time with Carson Vinson (34%) and Emery Jones (15%). Runs average 2.7 yards before contact (11th), and runs off right end are still the most reliable at a 65% success rate. Linemen have drawn 13 accepted penalties, 29th in the league."
BAL,sacks,Who owns the sacks?,4,"No public stat measures this directly, because the time of each sack isn't released. The best free combination is pressure-to-sack rate (how often pressure becomes a sack, mostly a QB measure) plus FTN's charting of each sack. Jackson turns 29% of pressures into sacks, close to the league's 26% (16th highest of 36). FTN charged none of his seven sacks to him: three came against blitzes, two against a standard rush and two on extended plays."
BAL,front,Front seven,4,"Pass rush volume is still below average (7.8 pressures per game, 20th; league 9.3) and the sack rate ranks 24th. Tavius Robinson leads with seven pressures, two sacks and six QB hits, and Mike Green has six pressures and five QB hits in 43% of snaps. Trenton Simpson leads in tackles for loss (five) and Travis Jones has four. The run defense has improved from 27th to 21st in EPA per rush."
BAL,db,Secondary,4,"Pass defense jumped to 7th in EPA per dropback (from 15th). Roquan Smith has allowed a 39 passer rating with an interception, Trenton Simpson 37 with another, and Nate Wiggins has held 22 targets to 94 yards. Marlon Humphrey (215 yards on 23 targets) and safety Malaki Starks (9 of 10 for 151 yards, a 152 rating) are where opponents have found yards."
BAL,cov,Coverage,4,"Baltimore's 92.4 passer rating allowed ranks 18th, close to the league's 93.2, with 89 of 139 targets completed for 1,032 yards. Linebackers have been the strength at 38.9 on 29 targets with both of the team's coverage interceptions (league 90.8 for linebackers). Safeties remain the weak spot at 120.1 and 10.8 yards per target (league 98.3), and two interceptions rank 20th."
BAL,st,Special teams,4,"Tyler Loop is 6 of 8 on field goals with a 64-yarder and perfect on 14 extra points. Chris Moore averages 28.6 yards on eight kick returns. Ryan Eckley nets 41.0 yards per punt with seven of 15 inside the 20, but special teams rank 25th in DVOA."
BUF,team,Team efficiency,4,"Buffalo is 3–1 after a 29–26 home loss to New England. The offense is still elite: 2nd in EPA per play, top four passing and rushing, and a league-high 31.8 points per game. The defense has slipped to 29th in EPA per play and 25th in points allowed (26.8 per game), and New England moved the ball for 407 yards. Seven giveaways, five of them in Week 3, are the other blemish."
BUF,dvoa,DVOA,4,"DVOA puts Buffalo 4th overall, down from 3rd. The offense is 2nd, the defense has fallen to 26th, and special teams are 7th."
BUF,personnel,Personnel & fronts,4,"Buffalo uses more tight ends than any team (1.8 on the field on average, league 1.4) and fewer running backs than any. One-back sets are the engine at +0.31 EPA per play; empty sets take 11% of snaps, double the league rate, and have lost EPA (−0.16). On defense, the four-man rush allows +0.13 EPA per dropback, and sending five or more has been hit for +0.36 (league about zero)."
BUF,motion,Presnap motion,4,"Buffalo motions on 67% of snaps (5th; league 58%), yet it is the league's best offense without motion: +0.37 EPA per play, 1st, against +0.11 with it. The gap is widest on passes (+0.52 without, +0.19 with). On defense it has been better against motion, allowing +0.07 EPA per play with motion and +0.15 without."
BUF,qb,Quarterbacks,4,"Josh Allen ranks 5th of 33 qualified quarterbacks in EPA per dropback (+0.29), with six touchdowns, three interceptions and completions 2.2 points above Next Gen Stats' expectation. Against New England he was 23 of 33 for 253 yards with a touchdown and an interception. Play action is still less productive than straight dropbacks (+0.17 vs. +0.31 EPA), and blitzes haven't slowed him (+0.28 EPA when blitzed). He has a 65% success rate on his own carries."
BUF,rb,Running backs,4,"James Cook has 421 yards on 70 carries (6.0 per carry), 3rd in the league, and 1.4 yards per carry over Next Gen Stats' expectation, 4th among 46 qualified backs. His seven broken tackles on runs are tied for 5th (Pro Football Reference charting). The blocking helps: Buffalo still leads the league in yards before contact per carry (3.5, league 2.4)."
BUF,wr,Receivers & TE,4,"Keon Coleman has become the most efficient target, catching 14 of 16 for 217 yards at +1.12 EPA per target. Dalton Kincaid has 270 yards on 19 targets with 2.4 yards of YAC over expectation (10th of 111). Khalil Shakir leads in targets (23) and separation (4.0 yards, 8th) but has two drops and little after the catch, and DJ Moore draws 27% of the air yards on a 15.1-yard average depth of target."
BUF,ol,Offensive line,4,"The same five linemen have played every snap. Run blocking is the league's best by yards before contact, and runs behind left guard average 5.3 yards at +0.43 EPA. Pass protection has improved: Allen was sacked once against New England, and the sack rate is now 6.6% (19th, from 27th), with pressure on 22% of dropbacks (13th)."
BUF,sacks,Who owns the sacks?,4,"No public stat measures this directly, because the time of each sack isn't released. The best free combination is pressure-to-sack rate (how often pressure becomes a sack, mostly a QB measure) plus FTN's charting of each sack. The blame still splits. Allen turns pressure into sacks a bit more often than average (30% vs. 26%), and FTN charged two of his nine sacks to him, with one more on an extended play. Four came against a standard rush, which points at protection, and the one in Week 4 came on a blitz."
BUF,front,Front seven,4,"The rush keeps producing volume: 13.8 pressures per game ranks 3rd (league 9.3), though the sack rate has dropped to 16th. Gregory Rousseau has 6 of the team's 10 sacks, 16 QB hits, 22 pressures, eight tackles for loss and three forced fumbles. Bradley Chubb adds seven QB hits and 10 pressures. The run defense ranks 22nd in EPA per rush."
BUF,db,Secondary,4,"Pass defense ranks 26th in EPA per dropback. Christian Benford (116 rating) and Maxwell Hairston (100.6) have each allowed two touchdowns on 20 targets. C.J. Gardner-Johnson remains the bright spot at safety, with an interception and a 47.5 rating allowed. Opponents have made six interception-worthy throws (league average 4.2)."
BUF,cov,Coverage,4,"Buffalo allows a 103.3 passer rating in coverage (26th; league 93.2): 93 of 149 for 1,160 yards, 10 touchdowns and two interceptions. Cornerbacks see 54% of targets (league 46%) and allow 101.9 (23rd). Linebackers are the weakest group at 112.0 (29th), with Dorian Williams allowing two touchdowns on 11 targets. Safeties are at 92.3 (13th)."
BUF,st,Special teams,4,"Tyler Bass is 6 for 6 on field goals with a long of 46 and 13 of 14 on extra points. Greg Dortch averages 26.3 yards on 12 kick returns. Tommy Doman Jr. nets 45.0 yards on nine punts, four inside the 20. Special teams rank 7th in DVOA."
CAR,team,Team efficiency,4,"A 2–2 team that keeps outscoring its defense. Carolina ranks 8th in offensive EPA per play and 4th in points per game (30.3), but allows 27.3 per game (26th) and is 19th in defensive EPA. The 32–26 win over Detroit followed the pattern: +0.29 EPA per play and 449 yards on offense, 452 yards allowed. Both wins came with no giveaways, and Carolina is +3 in turnovers for the season."
CAR,dvoa,DVOA,4,"DVOA has Carolina 9th overall (from 13th). The offense is up to 11th, the defense is still 18th, and special teams (5th) remain the best unit."
CAR,personnel,Personnel & fronts,4,"A pass-first, three-receiver offense: 2.5 wideouts per snap (11th most) and 3rd in pass rate over expected. Empty backfields (8% of plays, league 6%) have produced +0.63 EPA per play, and the two-back looks used on only 10% of snaps (league 20%) are at +0.18. The defense plays plenty of extra defensive backs (4.9 per snap, 6th most) and sends five or more on 36% of dropbacks, which has worked better than four rushers (−0.01 EPA per dropback against +0.11)."
CAR,motion,Presnap motion,4,"Carolina uses less motion than most (55% of plays, 21st; league 58%) but makes it count through the air: dropbacks with motion are at +0.31 EPA (3rd), against +0.14 without. Runs gain nothing from it (−0.12 with, −0.09 without). The defense is the problem against motion, allowing +0.07 EPA per play with it and −0.02 without; runs after motion average 5.5 yards against Carolina (31st) compared with 3.9 without."
CAR,qb,Quarterbacks,4,"Bryce Young keeps getting better: +0.23 EPA per dropback (9th of 33 qualifiers), completions 5.1 points above expectation (Next Gen Stats), 9 touchdowns, 2 interceptions and a 100.0 passer rating. FTN has charted one interception-worthy throw all season, among the fewest in the league. Week 4 against Detroit was his best game, 29 of 41 for 329 yards and 2 touchdowns, completions 8.5 points above expectation and a quicker 2.67-second release. He is still better when opponents don't blitz (+0.25 EPA per dropback against +0.17)."
CAR,rb,Running backs,4,"Chuba Hubbard is running 1.3 yards per carry over Next Gen Stats' expectation (5th of 46 qualifiers) at 5.0 yards per carry, and his 7 broken tackles (5 on runs) are tied for 5th in the league. He has also caught 10 of 11 targets for two touchdowns and +0.96 EPA per target. The backups have not helped: AJ Dillon (2.5 yards per carry, −0.56 EPA per carry) and Jonathon Brooks (3.3, −0.27) have combined for 26 carries. Carolina has slipped to tied for 8th in broken tackles per game (3.25)."
CAR,wr,Receivers & TE,4,"Tetairoa McMillan has become the lead target, with 26 catches on 39 targets for 385 yards, two touchdowns, +0.41 EPA per target and a third of the team's air yards. Jalen Coker has been the most efficient (18 of 22, 222 yards, two touchdowns, +0.58 EPA per target) but had no targets in Week 4. Darren Waller has two touchdowns and 3.3 yards of separation, the most of any Panther, and Brycen Tremayne has added 115 yards on 9 targets."
CAR,ol,Offensive line,4,"Still a split verdict. Young is pressured on 34% of dropbacks, the highest rate in the league, but the 5.7% sack rate ranks 16th and the backs gain 2.9 yards before contact per carry, 5th best. Rasheed Walker, Robert Hunt and Luke Fortner have played nearly every snap, with Monroe Freeling at 88%. Runs behind left tackle average 8.0 yards; runs up the middle (3.0 yards, −0.24 EPA per carry) and to the right tackle and end (1.5 yards on 13 carries combined) are where the ground game stalls."
CAR,sacks,Who owns the sacks?,4,"No public stat measures this directly, because the time of each sack isn't released. The best free combination is pressure-to-sack rate (how often pressure becomes a sack, a measure that mostly reflects the QB) plus FTN's charting of each sack. It splits the blame. Young turns pressure into sacks far less often than average (17% vs. 26%), so he escapes most of it, and FTN has charged none of his 10 sacks to him. But 6 of the 10 came against a standard four-man rush, which points at the line, and three more came on extended plays after he left the pocket, two of them against Detroit."
CAR,front,Front seven,4,"The pass rush has cooled: 11.0 pressures per game ranks 9th (from 4th) and the 4.8% sack rate is 22nd. Princely Umanmielen leads with 9 pressures, 3 sacks and 3 tackles for loss in under half the snaps, and Jaelan Phillips has 8 pressures and 2 sacks. Run defense is 20th in EPA per rush, and runs against light boxes (+0.14 EPA) are still where opponents hurt it."
CAR,db,Secondary,4,"17th against the pass (from 12th). Tre'von Moehrig has played 96% of the snaps and allowed a 59 passer rating, Lathan Ransom has allowed 2 catches on 11 targets, and Will Lee has 4 passes defensed with a 76 rating on a team-high 25 targets. The soft spots are Akayleb Evans (14 of 20 for 226 yards, 124 rating) and Jaycee Horn (108 rating). Devin Lloyd leads the defense with two interceptions from linebacker."
CAR,cov,Coverage,4,"Still one of the better coverage units by passer rating, 84.5 allowed (7th; league 93.2), with opponents completing just 55.7% of charted targets (2nd lowest). The yards have crept up, though: 7.5 per target (17th, from 5th). The linebackers remain the strength, a 74.4 rating on 45 targets with all 3 interceptions (Lloyd 2, Bobby Okereke 1); the corners are at 97.7 and 8.7 yards per target, and the safeties at 79.6."
CAR,st,Special teams,4,One of the league's better units (5th in special teams DVOA). Ryan Fitzgerald is 9 for 9 on field goals with a long of 53 but has missed 3 of 13 extra points. Sam Martin nets 43.2 yards per punt with 8 of 13 inside the 20.
CHI,team,Team efficiency,4,"Three straight wins have made Chicago a 3–1 team with a +47 differential, and the defense is the reason: 5th in EPA per play, 3rd against the pass, 4th in sack rate, and 28 points allowed in total across Weeks 2 through 4. The offense has not had to be great, only steady, and it is 9th in EPA per play and 8th in success rate having started three different quarterbacks. Week 4's 23–12 win over the Jets was the most lopsided yet by yardage, 495 to 157. The run defense, 26th in EPA per rush, is the one place this team can still be attacked."
CHI,dvoa,DVOA,4,"DVOA has Chicago 8th overall at +17.0%, with the offense 9th (+12.2%) and the defense up to 6th (−7.4%). Special teams are the only below-average unit at 20th."
CHI,personnel,Personnel & fronts,4,"Chicago plays through tight ends more than almost anyone, averaging 1.75 on the field (2nd), with Colston Loveland at 87% of snaps and Cole Kmet at 65%. The defense is built on extra rushers: it sends five or more on 40% of dropbacks against a league rate of 31% and gets paid for it, −0.21 EPA per dropback with five or more against −0.07 with four. The counter is already showing up on the other side of the ball, where opponents have put eight or more in the box on 13% of Chicago's designed runs and held the offense to −0.54 EPA on those 18 runs."
CHI,motion,Presnap motion,4,"Nobody in the league gets more out of moving a man, and nobody does it less. Chicago motions on 46.6% of snaps, 31st, but averages +0.25 EPA per play with motion against −0.02 without, a +0.27 swing that ranks 3rd, and its 55% success rate with motion is the best in football. The running game is the extreme version: +0.23 EPA and 6.2 yards a carry with motion against −0.22 and 3.8 without, the largest motion gain on the ground in the league. The defense sits on the wrong end of the same effect, allowing +0.03 EPA against motion and −0.13 without, and it faces the lowest motion rate in the league at 43.2%."
CHI,qb,Quarterbacks,4,"Three starters and no slippage. Caleb Williams was 4th among qualified passers at +0.31 EPA per dropback with completions 6.2 points above expectation before sitting out Weeks 3 and 4; he also held the ball 3.42 seconds, longer than any qualified passer. Case Keenum went +0.18 in his Week 3 start, and Tyson Bagent is at +0.11 after Week 4, with completions 9.1 points above expectation in that game. The oddest number is the blitz: Chicago faces one on 48% of dropbacks, the highest rate in the league, and is still slightly better against it (+0.26 EPA per dropback) than without it (+0.20)."
CHI,rb,Running backs,4,"Kyle Monangai has earned the better half of the split. He is at 5.4 yards per carry on 60 carries with +1.17 yards per carry over Next Gen Stats' expectation, 6th among qualified backs, and +0.10 EPA per carry; D'Andre Swift has 69 carries at 4.5 yards, sits essentially at expectation and is at −0.11 EPA. Both run behind good blocking, 2.96 yards before contact per carry (4th), and the Bears are 4th in broken tackles per game at 4.25, with Swift's six (Pro Football Reference charting) tied for 8th in the league."
CHI,wr,Receivers & TE,4,"The targets and the production have come apart. Luther Burden III leads with 29 targets but is at essentially zero EPA per target (+0.005) on 2.5 yards of separation. Rome Odunze is the explosive piece, 233 yards and 11.7 per target on a 14.9-yard average depth with 36% of the air yards, and he does it tight, 2.3 yards of separation, the least of the group, with two drops. Kalif Raymond is the efficiency outlier at 21 catches on 23 targets, +0.79 EPA per target and 4.3 yards of separation, 4th in the league. Loveland is the weak link at −0.27 EPA on 18 targets for 91 yards."
CHI,ol,Offensive line,4,"Darnell Wright, Garrett Bradbury, Joe Thuney and Jonah Jackson have played all 314 snaps, and Theo Benedet now takes the larger share at left tackle, 54% to Braxton Jones's 46%. The protection has improved to 21.1% pressure allowed (9th) with a 4.7% sack rate (11th). On the ground the right side is the plan and it half works: right guard is the most-used lane at 40 carries, +0.15 EPA and 4.3 yards, while right tackle (−0.37 on 24) and left guard (−0.47 on 24) are losses."
CHI,sacks,Who owns the sacks?,4,"No public stat measures this directly, because the time of each sack isn't released. The best free combination is pressure-to-sack rate (how often pressure becomes a sack, mostly a QB measure) plus FTN's charting of each sack. Chicago has allowed only seven sacks in four games. Williams was pressured on 34% of his dropbacks, well above the 23% league rate, but turned just 21% of that into sacks against a league figure of 26%. FTN charged none of the seven to a quarterback: three came on blitzes, two on standard rushes beaten and two on extended plays."
CHI,front,Front seven,4,"A rotation that finishes. Chicago is 12th in pressures per game at 10.0 against a 9.3 league average, but 4th in sack rate at 8.6% with 10 sacks. Dayo Odeyingbo leads with nine pressures, three sacks and three tackles for loss on 62% of snaps, Montez Sweat has seven pressures and two sacks, and Austin Booker has two sacks and four QB hits in a 54% role. None of it reaches the run defense, 26th in EPA per rush."
CHI,db,Secondary,4,"3rd in pass defense EPA, with a stark split inside the group. Rookie safety Dillon Thieneman has played every snap and allowed 4 of 12 for 50 yards with an interception, a 12.5 passer rating; Malik Muhammad is at 43.5 on 18 targets with an interception and a sack; T.J. Edwards has been excellent for a linebacker at 10 of 15 for a 53.8 rating with an interception. The corners are where everything goes: Jaylon Johnson has allowed 15 of 18 for 248 yards, and Tyrique Stevenson 192 yards and three touchdowns on 15 targets."
CHI,cov,Coverage,4,"Chicago has allowed an 87.1 passer rating in coverage (9th; league 93.2), only 819 yards (4th fewest) and four touchdowns (3rd fewest), on 24.5 targets a game. The middle of the field is shut: linebackers 51.4, 2nd in the league on 25 targets, and safeties 71.0. The cornerbacks are the hole at 111.5 on 51 targets, 11.0 yards per target and three of the four touchdowns, which is why the defense still ranks 25th in yards allowed per target at 8.4 despite everything else."
CHI,st,Special teams,4,"Cairo Santos is 7 of 8 on field goals with a long of 50 and 13 for 13 on extra points. Tory Taylor has punted only eight times, a 43.3-yard net with three inside the 20. Zavion Thomas averages 21.3 yards per kickoff return and Kalif Raymond 10.5 per punt return. DVOA still puts the unit 20th, and seven special-teams penalties (25th), three of them Santos kickoffs short of the landing zone, are part of why."
CIN,team,Team efficiency,4,"Back to 2–2 after a 22–17 home loss to Jacksonville in which Cincinnati outgained the Jaguars 437 to 325 but turned it over twice and ran for −0.31 EPA per carry. The offense ranks 10th in EPA per play and the defense 11th, both down from a week ago (9th and 5th). After a dominant start, the defense has allowed positive EPA per play in each of the last two games."
CIN,dvoa,DVOA,4,"DVOA dropped Cincinnati from 7th to 11th (10.6%). The offense holds at 10th, but the defense fell from 11th to 21st, and special teams are 12th."
CIN,personnel,Personnel & fronts,4,"Cincinnati passes more than its situations would predict (9 points over expected pass rate, 2nd highest). The defense still blitzes less than anyone, sending extra rushers on 16% of dropbacks (league 31%), and when it does it has been very effective (−0.37 EPA per dropback). The four-man rush, used on 80% of dropbacks, has given up +0.14. On offense, Cincinnati sees heavy boxes (8 or more) on 20% of runs, about double the league rate, and those runs have averaged −0.37 EPA."
CIN,motion,Presnap motion,4,"Cincinnati motions less than most (52% of snaps, 24th; league 58%), and its offense has been much better without it: +0.17 EPA per play without motion against −0.05 with, a gap that ranks 27th. The split holds for passes (+0.23 vs. about zero) and runs (−0.03 vs. −0.13). On defense, motion has hurt Cincinnati against the pass (+0.08 EPA per pass play vs. −0.08 without) but helped against the run (−0.20 vs. +0.10)."
CIN,qb,Quarterbacks,4,"Joe Burrow ranks 15th of 33 qualified quarterbacks in EPA per dropback (+0.12), with seven touchdowns and three interceptions. He is accurate (4.5 points over expected completion rate, 10th) in a quick, short game: 2.6 seconds to throw (2nd fastest) and a 7.3-yard average depth of target. Week 4 asked much more of him, 54 attempts for 428 yards with one touchdown and two interceptions. Blitzes and play action still hurt: −0.13 EPA per dropback when blitzed against +0.21 when not, and −0.08 on play action, which Cincinnati uses on only 17% of dropbacks (30th)."
CIN,rb,Running backs,4,"Chase Brown is averaging 3.6 yards per carry, 0.6 below Next Gen Stats' expectation (41st of 46 qualified backs), with −0.11 EPA per carry and a 38% success rate. Only 75 of his 207 yards have come after contact. He has three broken tackles on runs and two after catches (Pro Football Reference charting), and the team ranks 22nd in broken tackles per game. He is also heavily targeted (21 catches on 24 targets) but averages 4.3 yards per target and −0.27 EPA."
CIN,wr,Receivers & TE,4,"Tee Higgins has become the focal point: 39 targets (25%), 46% of the team's air yards and 401 yards at +0.63 EPA per target on a 13.3-yard average depth. Ja'Marr Chase has 28 targets, 212 yards and three touchdowns on shorter routes (8.4-yard depth). Mike Gesicki is the most efficient option, with three touchdowns on 15 targets and +1.02 EPA per target, and Dohnte Meyers gets 4.2 yards of separation, 6th among 111 NGS-tracked receivers."
CIN,ol,Offensive line,4,"The most stable line in the division: Orlando Brown Jr., Dylan Fairchild, Ted Karras and Dalton Risner have played every snap and Amarius Mims all but three. Burrow's quick release keeps the sack rate at 5.3% (14th) while pressure arrives on 24% of dropbacks (20th). Run blocking ranks 18th in yards before contact (2.4 per carry), and the few runs off left and right tackle have averaged 1.8 and 0.8 yards. Fairchild has four accepted penalties, three for holding."
CIN,sacks,Who owns the sacks?,4,"No public stat measures this directly, because the time of each sack isn't released. The best free combination is pressure-to-sack rate (how often pressure becomes a sack, mostly a QB measure) plus FTN's charting of each sack. Burrow converts 22% of pressures into sacks, below the league's 26% (22nd highest of 36). FTN charged two of his nine sacks to him, and six came against a standard four-man rush, including both in Week 4, so the sacks that do happen lean toward protection."
CIN,front,Front seven,4,"Still a four-man rush that gets home: 11.5 pressures per game (6th; league 9.3) and the 3rd-best sack rate. Dexter Lawrence leads with three sacks, eight pressures and six QB hits, Jonathan Allen has two sacks and eight pressures, and Boye Mafe has two sacks and four tackles for loss. Kris Jenkins and Cedric Johnson have two sacks each in part-time roles. The run defense ranks 14th in EPA per rush."
CIN,db,Secondary,4,"Pass defense slipped to 10th in EPA per dropback (from 7th). Daxton Hill remains the anchor, allowing a 68 passer rating on 23 targets with five passes defensed, and DJ Turner has four passes defensed. Linebacker coverage is still the leak: Demetrius Knight has allowed 16 of 21 for 188 yards (a 119 rating) and Barrett Carter 172 yards on 23 targets."
CIN,cov,Coverage,4,"Opponents keep throwing at Cincinnati (154 charted targets, 4th most) and have piled up 1,259 yards (29th) at 8.2 yards per target (23rd). The 90.8 passer rating allowed ranks 15th, helped by only four touchdowns (3rd fewest). Corners have held up (82.0 on 69 targets, 51% completed), while linebackers allow 101.6 on 45 targets (league 90.8), and one interception in coverage ranks 25th."
CIN,st,Special teams,4,"Evan McPherson is 9 for 9 on field goals with a long of 58 and perfect on 10 extra points. Dohnte Meyers averages 26.5 yards on 13 kick returns, and Ryan Rehkow nets 39.2 yards per punt with seven of 13 inside the 20. Special teams rank 12th in DVOA."
CLE,team,Team efficiency,4,"3–1 after a 27–24 win over Pittsburgh, but still outscored by 14 on the season. The offense has climbed from 22nd to 16th in EPA per play on a passing game that ranks 13th, while the run game is 31st. The defense is 18th. Week 4 was Cleveland's best offensive game of the season (+0.10 EPA per play, 374 yards)."
CLE,dvoa,DVOA,4,"DVOA still rates Cleveland well below its record, but it moved from 27th to 24th (−10.0%). The offense improved from 29th to 25th and the defense from 19th to 16th, and special teams hold at 8th."
CLE,personnel,Personnel & fronts,4,"Cleveland passes more than any team relative to its situations (10 points over expected pass rate, 1st). Two-back sets (21% of snaps) remain costly at −0.30 EPA per play, while one-back sets are near break-even. The defense blitzes on 24% of dropbacks (24th; league 31%) and plays light boxes against 71% of runs; the four-man rush allows +0.09 EPA per dropback and five or more −0.12."
CLE,motion,Presnap motion,4,"Cleveland motions on just 52% of snaps (26th), but it has worked: +0.08 EPA per play with motion against −0.13 without, the 6th-biggest gain. The effect is largest on passes, +0.33 EPA per pass play with motion (2nd) against −0.02 without. On defense it's the opposite: Cleveland allows +0.16 EPA per pass play against motion (26th) and −0.11 without."
CLE,qb,Quarterbacks,4,"Deshaun Watson has climbed to 13th of 33 qualified quarterbacks in EPA per dropback (+0.14), with six touchdowns and two interceptions. Completions are still below expectation (−2.6 points by NGS), and the passing game is very short, with his average throw landing 2.9 yards short of the sticks. Play action hasn't helped (−0.06 EPA per dropback vs. +0.20 without), but blitzes no longer bother him: +0.14 when blitzed and +0.15 when not, against a 36% blitz rate (8th highest)."
CLE,rb,Running backs,4,"Quinshon Judkins is still breaking tackles without finding room: 3.0 yards per carry, 0.5 below Next Gen Stats' expectation, a 27% success rate and −0.29 EPA per carry. His seven broken tackles (five on runs, two after catches) are tied for 5th in the league (Pro Football Reference charting), and 94 of his 177 rushing yards came after contact. Cleveland ranks 31st in yards before contact per carry (1.6), so most of the problem is up front."
CLE,wr,Receivers & TE,4,"Denzel Boston is the big-play threat: 51% of the team's air yards on a 17.8-yard average depth (4th deepest among 111 NGS-tracked receivers), 284 yards, two touchdowns and 4.3 yards of YAC over expectation (2nd). Harold Fannin Jr. gets 5.8 yards of separation, the most of any tracked receiver, and has three touchdowns on 23 targets. KC Concepcion still leads with 28 targets but has 144 yards and −0.04 EPA per target."
CLE,ol,Offensive line,4,"The line has barely changed: Austin Barber, Spencer Fano, Zion Johnson and Tytus Howard have played virtually every snap, with Elgton Jenkins (74%) and Luke Wypler (26%) at the fifth spot. Cleveland is 31st in yards before contact (1.6 per carry), and runs off left end have averaged 0.9 yards. Pressure is down to 21% of dropbacks (8th lowest), but the sack rate is still 7.9% (25th). Howard has five false starts, part of 12 accepted line penalties (27th)."
CLE,sacks,Who owns the sacks?,4,"No public stat measures this directly, because the time of each sack isn't released. The best free combination is pressure-to-sack rate (how often pressure becomes a sack, mostly a QB measure) plus FTN's charting of each sack. Watson still turns pressure into sacks more than most: 38% (7th highest of 36; league 26%). FTN charged five of his 11 sacks to him, including both in Week 4, three more came against blitzes and one on an extended play, leaving only two where a standard rush beat the line."
CLE,front,Front seven,4,"Mason Graham still leads with four sacks, five QB hits and six tackles for loss. Cleveland sacked Aaron Rodgers five times in Week 4, and the sack rate has risen to 9th, though pressure volume is modest (7.8 per game, 20th; league 9.3). The run defense ranks 23rd in EPA per rush. Front-seven players have drawn 11 accepted penalties, 32nd in the league."
CLE,db,Secondary,4,"Pass defense is 14th in EPA per dropback. Grant Delpit has been the best cover player (a 52 passer rating, an interception and a sack), and Mekhi Blackmon has held 17 targets to 91 yards. Denzel Ward has allowed only 10 catches on 26 targets but three touchdowns, as has Ronnie Hickman, while Myles Harden (230 yards) and Tyson Campbell (179 yards on 12 targets) have been the most costly."
CLE,cov,Coverage,4,"Opponents complete only 56% of targets against Cleveland (2nd lowest) and four interceptions rank 4th, but 10 touchdowns allowed rank 28th, leaving the passer rating at 89.9 (13th; league 93.2). Safeties (84.4 on 44 targets) have been slightly better than corners (91.5 on 82), and linebackers have allowed 96.5 on 27."
CLE,st,Special teams,4,"Still a strength, 8th in DVOA. Andre Szmyt is 8 for 8 on field goals with a long of 56. Corey Bojorquez nets 46.8 yards per punt with seven of 16 inside the 20, and Raheim Sanders averages 29.3 yards on 10 kick returns."
DAL,team,Team efficiency,4,"Dallas is 2–2 after a 34–30 win at Houston, with a +10 point differential. The offense ranks 6th in EPA per play and 2nd in scoring at 30.5 points per game, while the defense is last in both EPA per play and success rate and allows 28.0 points per game (28th). Turnovers are still even at two each, so the losses keep coming back to a defense that can't get off the field."
DAL,dvoa,DVOA,4,"DVOA agrees with EPA. Dallas is 13th overall, with the 6th-ranked offense, the 32nd-ranked defense (down from 27th) and 6th-ranked special teams."
DAL,personnel,Personnel & fronts,4,"Dallas stays a three-receiver offense: one back on 80% of snaps (league 74%) at +0.16 EPA per play, and 2.7 receivers on the field on average (league 2.4). The defense rushes four on 71% of dropbacks and gives up +0.62 EPA per dropback on those snaps, against a league +0.10. Sending five or more has been far better (+0.07), but FTN has Dallas blitzing on 27% of dropbacks, below the 31% league rate."
DAL,motion,Presnap motion,4,"Dallas motions on 54% of snaps (22nd; league 58%) and has been better without it: +0.22 EPA per play without motion (4th) against +0.11 with it, and runs after motion average just 2.5 yards. On defense the motion gap is the largest in the league. Opponents motion on 65% of snaps (6th most) and average +0.35 EPA per play when they do, last in the league, against −0.08 without (8th)."
DAL,qb,Quarterbacks,4,"Dak Prescott is still one of the most productive passers: +0.26 EPA per dropback (7th of 33 qualified), completions 5.5 points above expectation, eight touchdowns against one interception and a 3.6% team sack rate (6th). He went 32 of 45 for 335 yards and a touchdown at Houston. The soft spots haven't changed: +0.13 EPA per dropback against the blitz vs. +0.32 without, and +0.11 on play action vs. +0.31 without."
DAL,rb,Running backs,4,"Javonte Williams has 62 of the backs' 76 carries at 3.7 yards per carry, almost exactly Next Gen Stats' expectation (+0.04) and break-even by EPA (−0.01). Blocking is about average, 2.6 yards before contact per carry (14th; league 2.4). He has three broken tackles on runs and the team has nine in all, 17th per game (Pro Football Reference charting). He has also caught 15 of 17 targets with a touchdown."
DAL,wr,Receivers & TE,4,"CeeDee Lamb has the best EPA per target (+0.91) of any receiver with 40 or more targets: 37 catches on 46 targets for 498 yards and four touchdowns, with 46% of the team's air yards. George Pickens has 18 catches on 28 targets for 225 yards, no touchdowns and three drops. Jake Ferguson has three touchdowns on 12 catches, almost all short looks (4.5-yard depth of target, 3.9 yards of separation)."
DAL,ol,Offensive line,4,"Tyler Guyton, T.J. Bass, Cooper Beebe, Tyler Booker and Terence Steele have played every snap but one. Pressure has crept up to 24.5% of dropbacks (24th; league 23.3%), but the sack rate is still a strong 3.6% (6th). The run game stays lopsided: runs behind left tackle average 9.0 yards and +0.50 EPA, while runs behind right tackle average 0.9 yards and −0.48 EPA."
DAL,sacks,Who owns the sacks?,4,"No public stat measures this directly, because the time of each sack isn't released. The best free combination is pressure-to-sack rate (how often pressure becomes a sack, mostly a QB measure) plus FTN's charting of each sack. For Dallas it's a small problem. Only 6 of Prescott's 41 pressures became sacks (15% vs. a 26% league rate). FTN charged four of the six to him, including one of the three at Houston; the other two that day were a rush won and an extended play."
DAL,front,Front seven,4,"The pass rush is still the root of the defensive problem: 7.8 pressure credits per game (20th; league 9.3) and four sacks, a 3.1% sack rate that ranks 29th. Donovan Ezeiruaku leads with seven pressures, ahead of Quinnen Williams and Rashan Gary with five each. The run defense is middling at 16th in EPA per rush, and Williams and Jaishawn Barham have four tackles for loss apiece."
DAL,db,Secondary,4,"Dallas is 32nd in pass defense EPA. DaRon Bland has allowed 15 of 21 for 182 yards and two touchdowns (a 129.5 rating), and the linebackers are getting picked on underneath: Jaishawn Barham has allowed 11 of 11 and Dee Winters 11 of 12. Shavon Revel (7 of 15, 62.9 rating) and Cobie Durant (1 of 5) have been the best corners, and Caleb Downs has two forced fumbles and a sack from safety."
DAL,cov,Coverage,4,"Dallas now has the worst coverage numbers in the league: a 127.5 passer rating allowed (32nd), 74.5% completions (32nd) and still no interceptions. Cornerbacks are at 114.1 on 51 targets against a league 93.3. The middle of the field is worse: linebackers have allowed 27 of 28 for a 124.0 rating, and safeties a 145.8 rating with three touchdowns on 27 targets (league 98.3)."
DAL,st,Special teams,4,"Dallas ranks 6th in special teams DVOA. Brandon Aubrey is 8 of 11 on field goals with a long of 60 and has missed one extra point. KaVontae Turpin averages 28.1 yards on 15 kickoff returns and 11.3 on punt returns. Bryan Anger has punted only seven times, five inside the 20."
DEN,team,Team efficiency,4,"2–2 with a −20 point differential after a 14–24 loss at San Francisco. The offense ranks 20th in EPA per play and 24th in success rate and scores 18.5 points per game (27th). The defense is 23rd in EPA per play: 15th against the pass, but 31st against the run."
DEN,dvoa,DVOA,4,"DVOA still calls Denver average: 14th overall, with the 15th-ranked offense, the 14th-ranked defense and special teams at 15th."
DEN,personnel,Personnel & fronts,4,"Denver is still a one-back offense (81% of snaps); two-back looks (16%) are at −0.11 EPA per play. The defense blitzes on 39% of dropbacks (6th; league 31%), but the payoff has faded: five or more rushers now allow +0.05 EPA per dropback on 61 plays, the same as four-man rushes. Runs into eight-man boxes have gashed Denver for +0.57 EPA per carry on 18 plays."
DEN,motion,Presnap motion,4,"Denver motions on 56% of plays (18th; league 58%). Motion helps the passing game (+0.08 EPA per dropback with it, −0.13 without) but not the run game, where runs after motion succeed 31% of the time against 58% without. On defense the problem is plays without motion: offenses average 8.3 yards per play (32nd) and +0.19 EPA (30th) when they line up still against Denver, including 7.7 yards per carry on runs."
DEN,qb,Quarterbacks,4,"Bo Nix is at −0.03 EPA per dropback (24th of 33 qualifiers) and completing 5.3% below Next Gen Stats' expectation (31st). His average intended target is 6.2 yards downfield, 2.8 yards short of the sticks, and FTN has charted 7 interception-worthy throws (4th-most; league average 4.2) to go with 5 touchdowns and 3 interceptions. Play action helps (+0.18 EPA per dropback against −0.07), and the blitz still hurts (−0.30 when blitzed against +0.13)."
DEN,rb,Running backs,4,"J.K. Dobbins has 46 carries at 3.5 yards per carry, −0.17 EPA per carry and a 26% success rate, 0.64 yards below Next Gen Stats' expectation (42nd of 46). Denver's running backs still have no broken tackles on runs (Pro Football Reference), and the team's 4 broken tackles rank 28th per game. RJ Harvey has caught 20 of 21 targets, and Jonah Coleman has 39 yards on 10 carries."
DEN,wr,Receivers & TE,4,"Jaylen Waddle leads with 26 targets and 37% of the air yards, catching 16 for 185 yards with 4.0 yards of separation, but has 3 drops. Courtland Sutton is the drag: 9 catches on 22 targets, 3.9 yards per target and −0.52 EPA per target on a 12.3-yard average depth. Pat Bryant (9 of 12, 133 yards, +1.03 EPA per target) and tight end Nate Adkins (2 touchdowns on 5 targets) remain the efficient options."
DEN,ol,Offensive line,4,"The same five linemen (Bolles, Powers, Wattenberg, Meinerz, McGlinchey) have played essentially every snap. Nix is pressured on 22% of dropbacks (16th) but sacked on just 3.5% (5th), and only once since Week 1. Run blocking is the weak spot: 2.1 yards before contact per carry (25th), with no standout lane; right guard (+0.13 EPA on 10 carries) is the best and left tackle (−0.28 on 6) the worst."
DEN,sacks,Who owns the sacks?,4,"No public stat measures this directly, because the time of each sack isn't released. The best free combination is pressure-to-sack rate (how often pressure becomes a sack, mostly a QB measure) plus FTN's charting of each sack. Nix rarely lets pressure become a sack (16% vs. 26% league; 6th-lowest of 36), and he has been sacked once since Week 1. FTN charted his 5 sacks as 2 standard rushes, 1 blitz, 1 extended play and 1 charged to him."
DEN,front,Front seven,4,"Zach Allen is still the engine: 13 pressures, 3 sacks and 12 QB hits. Nik Bonitto (5 pressures, a sack) and Malcolm Roach (4 pressures, 3 tackles for loss) are next. As a unit Denver is below average at getting home (8.5 pressure credits per game, 18th; sack rate 20th), and the run defense is 31st in EPA per rush allowed."
DEN,db,Secondary,4,"15th in pass defense EPA. Talanoa Hufanga has allowed 5 catches on 13 targets for 54 yards with 2 interceptions and an 11.9 rating. Patrick Surtain II has allowed 9 of 18 with no touchdowns (68.5 rating). Riley Moss has allowed 3 touchdowns but has 5 passes defensed, and Ja'Quan McMillian has given up 156 yards on 15 targets."
DEN,cov,Coverage,4,"Denver has allowed an 83.5 passer rating in coverage (6th; league 93.2), and opponents complete just 58% of their throws (7th). The safeties have 3 of the 4 interceptions and a 61.1 rating allowed, though Brandon Jones has given up 161 yards on 12 targets. Linebackers see a third of the targets (45), led by Alex Singleton (23, 84.1 rating), and the cornerbacks have allowed 4 of the 6 touchdowns."
DEN,st,Special teams,4,"Wil Lutz is 5 of 7 on field goals with a long of 52 and 5 of 5 on extra points. Jeremy Crawshaw averages 49.7 yards per punt (45.3 net) on 19 punts, 9 inside the 20. RJ Harvey averages 29.2 yards per kickoff return. DVOA ranks the unit 15th."
DET,team,Team efficiency,4,"Four games in, Detroit is the most lopsided team in the league: 7th in offensive EPA per play and 4th in success rate, 31st in defensive EPA per play. It scores 29.75 points a game (5th) and allows 31.75 (31st), which nets out to 2–2 and a −8 differential. The pattern does not vary much either — 449 yards allowed at Buffalo in Week 2, 449 again at Carolina in Week 4, where 452 yards of offense and no takeaways still produced a 32–26 loss. A +3 turnover margin is holding the record up."
DET,dvoa,DVOA,4,"DVOA has Detroit 16th overall at −1.0%, with the 8th-ranked offense (+12.3%) and the 30th-ranked defense (+16.2%); special teams are 13th. The 22-place gap between the two units' ranks is the 4th-widest in the league."
DET,personnel,Personnel & fronts,4,"The offense is a one-back, play-action team and comfortable there: 82% of snaps with a single back at +0.20 EPA per play, and play action on 30% of dropbacks against a 24% league rate. Empty sets have been abandoned for cause, −0.53 EPA on 12 plays. On defense the dial does not matter: +0.26 EPA per dropback against four rushers, +0.29 against five or more, +0.50 on the nine snaps with three or fewer. Opponents have dropped back 189 times against Detroit, more than against any other defense."
DET,motion,Presnap motion,4,"Detroit is one of the few offenses that is better standing still: +0.20 EPA per play without motion against +0.09 with it, a −0.11 gap that ranks 22nd, and the passing game falls from +0.34 to +0.15 when a man moves. It motions on 50.9% of snaps, 28th. The running game is the exception, slightly better with motion by EPA (−0.02 against −0.07) though worse by yards (3.8 against 4.9). The defense is beaten either way and worse against motion, +0.21 EPA per play (31st) against +0.16 without, while seeing motion on 57.8% of opponent snaps."
DET,qb,Quarterbacks,4,"Jared Goff is the most reliable part of this team: +0.24 EPA per dropback (8th among qualified passers), nine touchdowns and no interceptions in four games, a 108.6 passer rating and a 4.6% sack rate. Week 4 was his busiest and least efficient day, 32 of 52 for 412 yards with completions 6.2 points below expectation and his deepest average target of the year at 10.2 yards. He is better blitzed (+0.34 EPA per dropback) than not (+0.19) and gets the ball out in 2.83 seconds, so the pressure he does see is rarely his own doing."
DET,rb,Running backs,4,"Jahmyr Gibbs is the backfield: 80 of the team's 89 running back carries, 4.4 yards each at essentially Next Gen Stats' expectation (+0.05), plus 22 catches for 187 yards and two touchdowns on 28 targets. His nine broken tackles (Pro Football Reference charting) are 4th in the league, though they come on 102 touches, the heaviest workload of anyone in the top 10. The blocking is fine at 2.91 yards before contact per carry (6th); what is missing is anything after contact, and the team's rushing EPA sits 14th."
DET,wr,Receivers & TE,4,"Amon-Ra St. Brown has the volume without the efficiency: 46 targets (29% share), 31 catches, 303 yards and five touchdowns, but 6.6 yards per target and 0.45 yards of YAC below expectation. Sam LaPorta is the most efficient regular at +0.58 EPA per target with 3.5 yards of separation, 25th in the league. Isaac TeSlaa has become a genuine second deep option, 17 targets for 187 yards at 11.0 per target on a 14.5-yard average depth with 3.9 yards of separation. Jameson Williams takes the same deep role and has four of the team's seven drops and no touchdowns on 25 targets."
DET,ol,Offensive line,4,"Penei Sewell, Juice Scruggs and Tate Ratledge have played all 278 snaps alongside Goff, Blake Miller has 77% at the other tackle, and left guard is still a three-way rotation among Christian Mahogany (53%), Ben Bartch (47%) and Larry Borom (33%). The protection is genuinely good: 19.6% pressure allowed, 5th-lowest, and a 4.6% sack rate (10th). Runs up the middle are the most-used and most reliable lane, 29 carries at 4.0 yards and a 59% success rate. The discipline is the problem, 13 offensive line penalties, 29th in the league, eight of them false starts."
DET,sacks,Who owns the sacks?,4,"No public stat measures this directly, because the time of each sack isn't released. The best free combination is pressure-to-sack rate (how often pressure becomes a sack, mostly a QB measure) plus FTN's charting of each sack. Goff is pressured on only 19.6% of dropbacks, 5th-lowest, and converts it to a sack 23.5% of the time against a 25.9% league rate. The eight sacks are concentrated: four are the ones FTN charged to Goff himself at Buffalo in Week 2, two were Jets blitzes in Week 3, and two were standard rushes beaten in Weeks 1 and 4."
DET,front,Front seven,4,"The pass rush is the one working part of the defense: 12.75 pressures per game (4th; league 9.3) and 15 sacks at a 7.9% rate (6th). Aidan Hutchinson has 13 pressures, nine QB hits, 3.5 sacks and three tackles for loss on 89% of snaps; Alim McNeill has three sacks and four tackles for loss, D.J. Wonnum three sacks, and Derrick Barnes two plus an interception. Four games of a top-five rush have done nothing for the run defense, 27th in EPA per rush."
DET,db,Secondary,4,"29th in pass defense EPA, and the trouble is everywhere rather than anywhere. D.J. Reed has allowed 248 yards and two touchdowns on 21 targets (134.6 rating), Roger McCreary 164 yards and a touchdown on 15 (131.0), Avonte Maddox 158 yards and two touchdowns on 11 (139.2), and Thomas Harper 128 yards on eight (145.8). Chuck Clark is the exception, 7 of 16 for a 43.0 rating with an interception, a sack and a forced fumble, and Derrick Barnes (56.9) is the other."
DET,cov,Coverage,4,"Detroit has allowed 1,584 coverage yards, the most in the league, on 45.3 targets a game, with 11 touchdowns (30th), a 106.2 passer rating (29th) and only two interceptions. No group is better than average: cornerbacks 117.0 (30th), safeties 107.7 (20th), linebackers 94.0 (17th). Jack Campbell is the most-targeted Lions defender at 18 of 28 for 228 yards and two touchdowns, and the four touchdowns allowed by the safeties are the other half of the problem. Opponents are not even being efficient about it, completing 62.4% (16th); there is simply no part of the field that is closed."
DET,st,Special teams,4,"Jake Bates is perfect, 7 for 7 on field goals with a long of 54 and 14 for 14 on extra points. Jack Fox has a 42.1-yard net on 15 punts with six inside the 20. Jacob Saylors (25.4 yards) and Tom Kennedy (24.8) split kickoff returns and Kennedy adds 11.5 per punt return. The unit is 13th in DVOA and the least-penalized part of the team, three flags in four games (7th)."
GB,team,Team efficiency,4,"The 17–14 win at Tampa Bay got Green Bay to 2–2, and nothing underneath it has changed: 25th in offensive EPA per play, 27th in success rate, and last in the league in EPA per rush. The defense is 21st overall and 24th against the run. At 18.25 points a game (28th) against 26.25 allowed, and with a −32 differential and a −2 turnover margin, this is still a team whose record is better than its play. Its two wins came by three points each."
GB,dvoa,DVOA,4,"DVOA is harsher than the record: 27th overall at −20.7%, with the offense 28th (−18.6%) and the defense 24th (+5.4%). Special teams (11th) are the only above-average unit."
GB,personnel,Personnel & fronts,4,"The Packers are in one-back sets on 82% of snaps and those plays are at −0.12 EPA, while the small two-back (29 plays) and empty (13) samples are both positive. Play action is used on 16.1% of dropbacks, 31st in the league against a 24% average, and it is worth +0.26 EPA per dropback against −0.02 without — the most obvious unused lever on the team. The telling defensive number is what opponents do: they play a light box on 70% of Green Bay's designed runs, the kind of invitation most offenses punish, and Green Bay is at −0.31 EPA on those 49 runs."
GB,motion,Presnap motion,4,"Motion is the second unused lever. Green Bay averages −0.01 EPA per play with it against −0.20 without, a +0.18 swing that ranks 7th, and the running game goes from 2.1 yards a carry without motion to 4.2 with it, yet the motion rate is only 58.2%, right at the 58.4% league average. On defense it sees more motion than almost anyone, 69.3% of snaps (2nd) and 80.9% of opponent runs (1st), and it actually handles motion runs better (−0.07 EPA) than static ones (+0.17), so the volume is not hurting it."
GB,qb,Quarterbacks,4,"Jordan Love has taken every dropback and sits at +0.03 EPA per dropback (19th among qualified passers) with eight touchdowns and three interceptions. His completion rate is 7.0 points below expectation, 31st of 33 qualified passers, and FTN has charted six interception-worthy throws, tied for 5th-most. Two things complicate the picture: his receivers have dropped 11 passes, the most in the league, and Week 4 was his first game above expectation (+1.6) and his best rating of the year at 98.9. He is also the quickest-releasing qualified passer in the league at 2.48 seconds, and much worse blitzed (−0.22 EPA per dropback) than not (+0.20), on a 41% blitz rate that is 3rd-highest."
GB,rb,Running backs,4,"The worst running game in the league by EPA, and it is not close. MarShawn Lloyd is at 2.7 yards per carry on 30 carries, −1.46 yards per carry against Next Gen Stats' expectation — last among all 46 qualified backs — and −0.42 EPA per carry. Kaleb Johnson has four broken tackles on 20 carries, the one encouraging number in the group, but is at −0.46 EPA; Chris Brooks is the most efficient of the three at 4.7 yards on 15 carries. The blocking is the root cause: 1.75 yards before contact per carry, 30th, and all eight run lanes carry negative EPA, with the most-used (up the middle, 20 carries) at 2.6 yards."
GB,wr,Receivers & TE,4,"Christian Watson is the one receiver winning: 20 catches for 331 yards and four touchdowns, 10.3 yards per target and +3.5 yards of YAC above expectation, 5th in the league, on only 2.5 yards of separation — a make-your-own-yards profile. Matthew Golden has the volume and the air yards (37 targets, 39% of them, a 14.4-yard average depth) but just 18 catches and four drops. Tucker Kraft is useful on short routes at +0.15 EPA per target with 3.3 yards of separation but has three drops of his own, and Skyy Moore wins 4.2 yards of separation (5th) and does nothing with it, 35 yards on 13 targets."
GB,ol,Offensive line,4,"Still unsettled four games in. Jordan Morgan and Sean Rhyan have played all 253 snaps alongside Love, Anthony Belton and Jacob Monk are at 74% each, and six more linemen have taken snaps in the remaining spots. Pressure comes on 24.1% of dropbacks (21st), though the sack rate is a tolerable 4.9% (13th), partly because Love gets rid of it so fast. In the run game there is nothing to build on, with every lane negative and 11 offensive line penalties on top."
GB,sacks,Who owns the sacks?,4,"No public stat measures this directly, because the time of each sack isn't released. The best free combination is pressure-to-sack rate (how often pressure becomes a sack, mostly a QB measure) plus FTN's charting of each sack. Love is pressured often, 24.1% of dropbacks, and converts it to a sack less than average, 20.5% against 25.9%. The split by cause is clean: four of the eight were Minnesota blitzes in Week 1, and of the four since, FTN charged three to Love himself, two of those on scrambles out of the pocket. The blitz plan beat the line early; the recent ones are the quarterback's."
GB,front,Front seven,4,"A rush that gets there and does not finish: 10.25 pressures per game (11th) and 10 sacks at a 7.2% rate (11th). Lukas Van Ness leads with eight pressures, six QB hits, 2.5 sacks and four tackles for loss, and Edgerrin Cooper has three sacks, six tackles for loss and an interception from linebacker on 83% of snaps. Green Bay blitzes on 40% of dropbacks, 4th-most, and gets nothing extra for it (+0.06 EPA per dropback with five or more, +0.11 with four). The run defense is 24th in EPA per rush."
GB,db,Secondary,4,"21st in pass defense EPA, carried entirely by the safeties. Xavier McKinney and Evan Williams have both played all 273 snaps and both have interceptions, with Williams allowing 6 of 14 for 55 yards (48.2 rating) and adding five pressures and a sack. Keisean Nixon has handled the heaviest volume in the division (19 of 29 for 175 yards, no touchdowns, one interception, 67.5) and Javon Bullard 9 of 15 for 63. Brandon Cisse is the hole: 181 yards and two touchdowns on 14 targets for a 153.3 rating, on 90% of snaps."
GB,cov,Coverage,4,"Green Bay has allowed a 90.4 passer rating in coverage (14th; league 93.2), four interceptions (tied 4th-most) and only 863 yards (5th fewest). The shape is unusual: opponents complete 66.4% of their throws, 29th, but gain only 7.3 yards per target, 10th, so the defense concedes the easy stuff and wins on the splash plays. The safeties are the strength at 69.5 on 40 targets (6th) and the linebackers are fine at 87.5; the cornerbacks sit 26th at 106.4, almost all of it Cisse."
GB,st,Special teams,4,"Trey Smack is 6 of 7 on field goals with a long of 59 but has missed an extra point. Daniel Whelan has been both busy and excellent: 18 punts, a 44.4-yard net, 12 inside the 20. Skyy Moore averages 16.0 yards per punt return and 27.5 per kickoff return, and the unit is 11th in DVOA. The penalties undo a lot of it — 42 for 344 yards, 10.5 and 86 a game, 31st and 32nd in the league, with 12 giving opponents a first down (29th) and eight flags on the defensive backs."
HOU,team,Team efficiency,4,"Still winless at 0–4, but the offense finally showed up in Week 4 with 397 yards and +0.24 EPA per play in a 30–34 home loss to Dallas. Over four games the offense is 17th in EPA per play while the run game is 30th, and the defense has slipped to 22nd in EPA per play despite ranking 5th in success rate. Three of the four losses came by five points or fewer, and Houston allows 27.3 points per game (26th)."
HOU,dvoa,DVOA,4,"DVOA still sees an average team rather than a winless one. Houston is 17th overall (−2.4%), with the 13th-ranked offense, the 15th-ranked defense and special teams at 28th."
HOU,personnel,Personnel & fronts,4,"Still a one-back offense (80% of snaps, league 74%), and its runs into seven-man boxes, 59% of designed runs, have cost −0.29 EPA each. On defense Houston fields the third-most defensive backs in the league (4.98 per snap) and blitzes on just 21% of dropbacks (league 31%); the four-man rush has allowed +0.13 EPA per dropback. Light-box run defense remains good at −0.15 EPA per run."
HOU,motion,Presnap motion,4,"Houston uses presnap motion on 56% of plays (19th; league 58%), and it has mattered more here than almost anywhere. With motion the offense averages +0.08 EPA per play against −0.16 without, the 4th-largest gain in the league, nearly all of it through the air (+0.25 vs. −0.19 per pass play). Runs with motion are the exception at −0.33 EPA per carry (31st). On defense Houston has seen motion on only 45% of snaps, second-least in the league, and its run defense against it is the league's best (−0.30 EPA per run)."
HOU,qb,Quarterbacks,4,"C.J. Stroud had his best game in Week 4: 21 of 31 for 347 yards and 2 touchdowns, completing 14.3% above expectation by Next Gen Stats. That lifts him to +0.09 EPA per dropback (17th of 33 qualifiers) and 5.3% CPOE (7th), still with no interceptions in four games. He still holds the ball a long time (3.01 seconds, league 2.90) and throws into tight windows 20.5% of the time (league 15.0%). Play action has been a big help, +0.36 EPA per dropback on 36 plays against −0.01 without."
HOU,rb,Running backs,4,"The run game hasn't recovered. David Montgomery is at 2.7 yards per carry and −0.34 EPA per carry on 47 carries, and both he and Woody Marks are running below Next Gen Stats' expectation (−0.31 and −0.49 yards per carry, 32nd and 37th of 46 qualifiers). Houston has 7 broken tackles in four games (Marks 3 and Montgomery 3 on runs, Jared Wayne 1 after a catch), 22nd per game in Pro Football Reference charting."
HOU,wr,Receivers & TE,4,"Dalton Schultz is still the most-targeted player (27 targets, 20% share) and a reliable outlet: 21 catches for 214 yards, +0.26 EPA per target and 4.0 yards of separation. Nico Collins has turned 18 targets into 14 catches, 193 yards, 3 touchdowns and +0.80 EPA per target despite averaging just 1.8 yards of separation. Xavier Hutchinson still draws the most air yards (27% share) but has caught only 12 of 26, and Jaylin Noel has added 186 yards on 8 catches."
HOU,ol,Offensive line,4,"Pressure allowed is about average (23% of dropbacks, 18th), but the 7.2% sack rate ranks 22nd. Four linemen have played every snap, with Ed Ingram and Wyatt Teller splitting right guard exactly in half. The run-blocking problem is still on the right side: 32 runs behind right guard and right tackle have averaged under 2 yards and about −0.5 EPA each, while runs up the middle average 4.6 yards."
HOU,sacks,Who owns the sacks?,4,"No public stat measures this directly, because the time of each sack isn't released. The best free combination is pressure-to-sack rate (how often pressure becomes a sack, mostly a QB measure) plus FTN's charting of each sack. Stroud turns pressure into sacks more often than average (30% vs. 26%), but FTN charged none of his 12 sacks to him: 8 came against a standard rush and 4 on extended plays, including one of each against Dallas. That still points mostly at protection, with his long time to throw as a contributing factor."
HOU,front,Front seven,4,"Houston still finishes its pressure better than almost anyone: 14 sacks on 159 dropbacks is an 8.8% sack rate, 2nd in the league, on 10.8 pressures per game (10th). Will Anderson leads with 12 pressures, 4.5 sacks, 11 QB hits and 7 tackles for loss; Danielle Hunter and Sheldon Rankins have 2 sacks each, and Jadeveon Clowney has 1.5 in part-time snaps. The run defense ranks 11th in EPA per rush."
HOU,db,Secondary,4,"The pass defense has slipped to 25th in EPA per dropback. Kamari Lassiter has allowed 20 catches on 27 targets for 251 yards (114.9 rating) and has 4 accepted penalties, tied for the most on the team. Derek Stingley Jr. has been better (11 of 24, 88.5 rating), while Reed Blankenship has allowed 17 of 23 for 241 yards and two touchdowns but has the unit's only interception."
HOU,cov,Coverage,4,"The Texans allow a 101.3 passer rating in coverage (23rd; league 93.2) and 7.9 yards per target (20th), with 6 touchdowns and 1 interception on 141 targets. Opponents still throw at the safeties far more than usual (43% of targets, league 24%), and the safeties have allowed a 103.9 rating. The cornerbacks are at 103.4 on 52 targets (league cornerbacks 93.3)."
HOU,st,Special teams,4,"Ka'imi Fairbairn is 7 of 8 on field goals with a long of 58 and perfect on 9 extra points. Kai Kroeger averages 49.1 yards per punt (43.5 net) with 6 inside the 20. Jaylin Noel (26.1 yards on 10 kickoff returns) and Woody Marks (24.3) handle most kickoffs. DVOA ranks the unit 28th, and Houston's 10 accepted special-teams penalties are the most in the league."
IND,team,Team efficiency,4,"Indianapolis is 2–2 after a 30–13 win at Washington built on the run game (+0.28 EPA per rush) and the defense's best day of the season (−0.25 EPA per play). Over four games the Colts rank 3rd in EPA per rush but 30th passing, and the defense has climbed from 31st to 26th in EPA per play. They are also the league's least-penalized team at 4.0 accepted flags per game."
IND,dvoa,DVOA,4,"DVOA has Indianapolis 20th overall (−6.5%), up from 24th. The offense is 22nd and the defense 25th, with special teams (3rd) still the clear strength."
IND,personnel,Personnel & fronts,4,"The Colts lean on play action more than most (31% of dropbacks, 4th; league 24%). Two-back looks are 17% of snaps and have produced +0.32 EPA per play, against −0.15 with one back, and even runs into seven-man boxes have been positive (+0.14 EPA on 52% of runs). On defense the blitz still backfires: five or more rushers have allowed +0.21 EPA per dropback on 31 plays against +0.09 with four, and Indianapolis blitzes on only 20% of dropbacks (league 31%)."
IND,motion,Presnap motion,4,"Indianapolis uses presnap motion on 60% of plays (12th; league 58%), and the offense is better with it: −0.02 EPA per play with motion against −0.14 without, the 10th-largest gain. Motion runs have been the best part of it at +0.20 EPA per carry (2nd), and the passing game is poor either way but worse without motion (−0.38 EPA per pass play vs. −0.13 with it). On defense the Colts have struggled against runs with motion (+0.06 EPA per run, 30th) more than without (−0.06)."
IND,qb,Quarterbacks,4,"Week 4 was Daniel Jones's roughest passing game: 19 of 34 for 143 yards and an interception, 9.9% below expected completion rate by Next Gen Stats, with an average throw of 4.5 air yards. For the season he is at −0.21 EPA per dropback (32nd of 33 qualifiers) with 3 touchdowns and 4 interceptions, and his throws land 2.7 yards short of the sticks on average. FTN has charted 6 interception-worthy throws (league average 4.2), and play action hasn't helped (−0.25 EPA per dropback with it, −0.19 without)."
IND,rb,Running backs,4,"Jonathan Taylor carries the load: 86 carries for 4.1 yards per carry, +0.06 EPA per carry and a 44% success rate. He is still running below Next Gen Stats' expectation (−0.31 yards per carry, 33rd of 46 qualifiers), so the efficiency comes from steady gains rather than creating extra yards. Seth McGowan has 3 broken tackles on just 12 carries, and the team's 7 broken tackles in four games rank 22nd per game (Pro Football Reference)."
IND,wr,Receivers & TE,4,"Josh Downs is still the best weapon: 28 targets (23% share), 37% of the team's air yards, +0.49 EPA per target and 1.5 yards of YAC over expected. Tyler Warren has 23 catches on 27 targets with two touchdowns, but his average target is just 2.2 yards downfield and he has three drops. Keenan Allen has 13 catches on 20 targets for −0.12 EPA per target, and Laquon Treadwell has added 123 yards on 9 catches."
IND,ol,Offensive line,4,"The same five linemen have played nearly every snap (Bortolini, Goncalves and Travis all of them, Nelson 99% and Raimann 97%), and the line has yet to be flagged for an accepted penalty. They allow pressure on 20% of dropbacks (7th) and a 5.6% sack rate (15th). Every running lane except right guard has produced positive EPA, but contact still comes early: 2.0 yards before contact per carry ranks 26th (PFR)."
IND,sacks,Who owns the sacks?,4,"No public stat measures this directly, because the time of each sack isn't released. The best free combination is pressure-to-sack rate (how often pressure becomes a sack, mostly a QB measure) plus FTN's charting of each sack. Jones is pressured less than average (20% of dropbacks vs. 23%) and converts pressure to sacks at about the league rate (28% vs. 26%). FTN charted his 8 sacks as 3 standard rushes, 3 blitzes and 1 extended play, plus the first one it has charged to him, against Washington."
IND,front,Front seven,4,"The pass rush is still thin: 7.8 pressures per game ranks 20th and the 5.9% sack rate is 17th. DeForest Buckner leads with 7 pressures, 3 sacks and 7 QB hits, Adetomiwa Adebawore has 2 sacks in part-time work (32% of snaps), and Laiatu Latu has 6 pressures. The run defense is 28th in EPA per rush, though heavy boxes have stuffed opponents (−0.56 EPA per run on 12 runs)."
IND,db,Secondary,4,"Pass defense is 24th in EPA per dropback. Charvarius Ward has been the best of the group (5 of 16 for 87 yards, 50.8 rating), while Justin Walley (19 of 27 for 227 yards) and Sauce Gardner (12 of 20 for 235 yards, 117.7 rating) have given up the most. Safety A.J. Haulcy has allowed only 4 catches on 16 targets, but for 188 yards and two touchdowns."
IND,cov,Coverage,4,"The Colts allow 9.2 yards per target in coverage, still last in the league, and a 104.1 passer rating (27th; league 93.2), with 7 touchdowns and 1 interception on 139 targets. Linebackers have allowed 26 completions on 29 targets for 305 yards, and safeties have given up 4 touchdowns on 30 targets (125.1 rating). The cornerbacks are the steadiest group at 92.6 on 68 targets, now just under the league cornerback mark of 93.3."
IND,st,Special teams,4,"Still a real strength. Spencer Shrader is 11 for 11 on field goals with a long of 58 (9 of 10 on extra points), Seth McGowan averages 29.5 yards on 11 kickoff returns, and Rigoberto Sanchez averages 51.7 yards per punt (46.2 net). DVOA ranks the unit 3rd."
JAX,team,Team efficiency,4,"Jacksonville is 3–1 after a 22–17 win at Cincinnati and still looks like one of the most complete teams in the league. It allows 13.3 points per game (2nd) with a +51 point differential, and ranks 4th in offensive EPA per play, 3rd in success rate and 7th in defensive EPA. Cincinnati gained 437 yards in Week 4, but two takeaways and +0.21 EPA per play on offense carried the win."
JAX,dvoa,DVOA,4,"DVOA still ranks Jacksonville 2nd overall (40.1%), behind only San Francisco. The offense is 4th, the defense 3rd and special teams 18th."
JAX,personnel,Personnel & fronts,4,"Jacksonville uses empty sets more than most (9% of snaps, league 6%) and they keep working (+0.88 EPA per play on 19 plays), while its two-back looks (21%) average +0.27. It plays more tight ends than average (1.54 per snap, league 1.43). On defense it fields the fewest defensive backs in the league (4.15 per snap), and the blitz is still the weapon: five or more rushers have held offenses to −0.45 EPA per dropback on 41 plays, against +0.11 with four."
JAX,motion,Presnap motion,4,"Jacksonville uses presnap motion on 61% of plays (10th; league 58%) and has been efficient either way: +0.18 EPA per play with motion and +0.19 without, both top-10 marks. The defense is where motion shows up. Without it opponents have managed −0.17 EPA per play (3rd), but with it they average +0.05 (23rd), the 4th-largest motion gain allowed in the league, and runs show the same gap (−0.29 EPA without vs. −0.02 with)."
JAX,qb,Quarterbacks,4,"Trevor Lawrence stays efficient: +0.28 EPA per dropback (6th of 33 qualifiers), completions 6.8% above expectation by Next Gen Stats (4th), 8 touchdowns and 2 interceptions. He went 18 of 23 for 227 yards and a touchdown at Cincinnati, getting the ball out in 2.48 seconds. The blitz is still the weak spot: −0.10 EPA per dropback when blitzed against +0.43 when not."
JAX,rb,Running backs,4,"Bhayshul Tuten remains the lead back: 60 carries at 4.6 yards per carry and 0.67 yards over Next Gen Stats' expectation (9th of 46 qualifiers). He does most of his work after contact (165 of his 277 yards in PFR charting), because the team averages only 1.9 yards before contact (28th). Chris Rodriguez Jr. is running close to expectation (−0.09). Jacksonville has 7 broken tackles in four games (22nd per game, PFR), 3 of them Tuten's."
JAX,wr,Receivers & TE,4,"Parker Washington still leads with 26 targets (26% share) and 44% of the team's air yards, turning them into 16 catches, 228 yards, two touchdowns and +0.42 EPA per target. Jakobi Meyers remains the most efficient: 13 catches on 15 targets, two touchdowns and +1.22 EPA per target. Brenton Strange has become a steady third option (14 of 18 for 167 yards, 3.7 yards of separation), while Brian Thomas Jr. has 9 catches on 14 targets with two drops."
JAX,ol,Offensive line,4,"Protection slipped in Week 4, when Cincinnati sacked Lawrence 4 times; the season sack rate is now 7.1% (21st) even though pressure stays below average (22% of dropbacks, 12th). Anton Harrison and Emmanuel Pregnon have played every snap, with Robert Hainsey, Ezra Cleveland and Cole Van Lanen at 90–96%. The run game wins outside and up the middle (left end 5.6 yards per carry, right end +0.37 EPA), while runs behind every guard and tackle spot have averaged negative EPA."
JAX,sacks,Who owns the sacks?,4,"No public stat measures this directly, because the time of each sack isn't released. The best free combination is pressure-to-sack rate (how often pressure becomes a sack, mostly a QB measure) plus FTN's charting of each sack. Lawrence now turns pressure into sacks more often than average (32% vs. 26%), up from 22% after Week 3. FTN charged none of his 8 sacks to him: 4 came against a standard rush, 2 against a blitz and 2 on extended plays."
JAX,front,Front seven,4,"10 sacks on 156 dropbacks is a 6.4% sack rate (13th), on 9.8 pressures per game (13th). Josh Hines-Allen leads with 8 pressures and 1.5 sacks, Travon Walker has 6 pressures and 1.5 sacks, and Dennis Gardeck adds 4 QB hits in part-time snaps. The run defense is 8th in EPA per rush."
JAX,db,Secondary,4,"8th in pass defense EPA, and opponents keep giving the ball away: FTN has charted 10 interception-worthy throws against Jacksonville, the most in the league (league average 4.2). Jourdan Lewis and Foyesade Oluokun have 2 interceptions each, and Jarrian Jones and Travis Hunter 1 each. Jones has been targeted most (31 times, 17 catches, 256 yards), and Montaric Brown remains the soft spot at a 131.1 passer rating allowed."
JAX,cov,Coverage,4,"The Jaguars allow an 80.8 passer rating in coverage (5th; league 93.2), built on 3 touchdowns allowed (tied for fewest) and 6 interceptions (tied for most) on 149 targets. The catch is still yardage, at 8.7 yards per target (29th). Cornerbacks, counting Travis Hunter, see 54% of targets and have allowed a 72.7 rating with four of the six interceptions, while the safeties have allowed 120.9 on 23 targets."
JAX,st,Special teams,4,Cam Little is 7 of 9 on field goals with a long of 55 and perfect on 11 extra points. Logan Cooke averages 48.4 yards per punt (43.4 net) with 5 inside the 20. Josh Cameron and Ameer Abdullah handle kickoffs at 25.9 and 27.7 yards per return. DVOA ranks the unit 18th.
KC,team,Team efficiency,4,"4–0 with a +41 point differential after a 30–27 win in Las Vegas. Kansas City ranks 5th in offensive EPA per play, 1st in EPA per rush and 6th in success rate. The defense slipped to 9th in EPA per play after allowing 437 yards to the Raiders, but still allows 19.3 points per game (6th)."
KC,dvoa,DVOA,4,"DVOA has Kansas City 3rd overall, with the 5th-ranked offense and the 10th-ranked defense. Special teams moved up from 20th to 16th."
KC,personnel,Personnel & fronts,4,"Kansas City still leads the league in play action (36% of dropbacks, league 24%) and screens (18%, league 8%). Two-back looks (19% of snaps) are at +0.17 EPA per play, a bit better than one-back sets (+0.13). On defense the four-man rush holds offenses to −0.04 EPA per dropback (league +0.10), while blitzes with five or more have been hit for +0.09 on 45 plays."
KC,motion,Presnap motion,4,"Kansas City motions on 59% of plays (14th; league 58%) and is one of the few offenses that is better without it: +0.32 EPA per play without motion (3rd) against +0.08 with it. The gap is all in the run game, where runs without motion average 8.0 yards and +0.41 EPA (both 1st) and runs after motion 4.0 yards and −0.09. On defense, only three teams have faced motion more often (68% of plays), and passes after motion have hurt (+0.11 EPA per dropback against −0.28 without)."
KC,qb,Quarterbacks,4,"Patrick Mahomes is still playing fast and short: 2.70 seconds to throw (4th-fastest of 33 qualifiers), 7.1 intended air yards and tight-window throws on 8.6% of attempts (qualifier average 15.0%). He is at +0.21 EPA per dropback (10th), with 9 touchdowns, 2 interceptions and a 106.2 passer rating, completing 1.5% below Next Gen Stats' expectation. Play action (+0.32 EPA per dropback against +0.14) and the blitz (+0.42 when blitzed) both help him."
KC,rb,Running backs,4,"Kenneth Walker III is still the best runner in the league by Next Gen Stats: 87 carries for 537 yards, 6.2 yards per carry and 2.52 yards over expected per carry, first of 46 qualifiers. He leads the league with 14 broken tackles (12 on runs) per Pro Football Reference and has 267 yards after contact. Kansas City remains 1st in broken tackles per game (5.0)."
KC,wr,Receivers & TE,4,"Travis Kelce is the most efficient regular target: 16 catches on 22 targets for 246 yards, 2 touchdowns, +0.74 EPA per target and 3.5 yards of YAC over expected. Tyquan Thornton is the deep threat (17.4-yard average depth, 219 yards, 2 touchdowns, +1.27 EPA per target). Rashee Rice (13 of 17, 190 yards) gets 4.1 yards of separation. Xavier Worthy is tied with Kelce for the team lead in targets (22) but is at 6.0 yards per target and −0.15 EPA per target."
KC,ol,Offensive line,4,"Mahomes is pressured on 22% of dropbacks (11th) and sacked on 4.2% (7th). Creed Humphrey, Trey Smith, Kahlil Benson and Jaylon Moore have played nearly every snap, with Kingsley Suamataia (77%) and Mike Caliendo (25%) splitting the fifth spot. Kansas City now averages 2.7 yards before contact per carry (10th, up from 24th). Outside runs carry the ground game: left end runs average 10.8 yards and +0.65 EPA, while the 42 runs up the middle average 3.2 yards at −0.15 EPA."
KC,sacks,Who owns the sacks?,4,"No public stat measures this directly, because the time of each sack isn't released. The best free combination is pressure-to-sack rate (how often pressure becomes a sack, mostly a QB measure) plus FTN's charting of each sack. Mahomes turns pressure into sacks less often than most (19% vs. 26% league; 9th-lowest of 36). FTN charted 4 of his 6 sacks as a standard rush winning; the two in Week 4 were an extended play and a blitz."
KC,front,Front seven,4,"The pass rush is the weak spot: only 4 sacks and a 2.5% sack rate, 31st. George Karlaftis III leads with 13 pressures and 10 QB hits but still has no sacks. R Mason Thomas has 8 pressures and a sack. As a unit Kansas City averages 9.8 pressure credits per game (13th; league 9.3), and the run defense ranks 9th."
KC,db,Secondary,4,"9th in pass defense EPA. L'Jarius Sneed is still targeted most (33) and has allowed 26 catches for 247 yards. Mansoor Delane has allowed 12 of 18 for 117 yards with an interception and 3 passes defensed, and Nohl Williams has 4 passes defensed with a 67.5 rating allowed. Kristian Fulton has allowed 13 yards on 7 targets with an interception."
KC,cov,Coverage,4,"Kansas City has allowed an 80.3 passer rating in coverage (4th; league 93.2) and 6.6 yards per target (5th), though opponents complete 64% of their throws (23rd). The linebackers have been hardest to throw on (70.4 rating), led by Drue Tranquill (4 of 11 for 45 yards). The soft spots are Sneed (108.0) and the safeties Jaden Hicks (108.5) and Alohi Gilman (110.4)."
KC,st,Special teams,4,"Harrison Butker is 7 of 9 on field goals with a long of 46 and 13 of 13 on extra points. Matt Araiza averages 52.3 yards per punt (47.3 net) with 9 of 12 inside the 20. Emmett Johnson (28.5), Brashard Smith (26.6) and Nikko Remigio (25.0) share kickoff returns. DVOA ranks the unit 16th."
LA,team,Team efficiency,4,"The Rams are 2–2 but play like a top-ten team. They rank 3rd in defensive EPA per play and 2nd against the pass, and won 24–20 at Philadelphia in Week 4 while outgaining the Eagles 416 to 172. The offense is 11th in EPA per play. Two giveaways in every game (8 total against 3 takeaways) are why the record lags."
LA,dvoa,DVOA,4,"DVOA ranks the Rams 7th (18.0%), with the 7th-ranked offense and 4th-ranked defense. Special teams are still last at −14.5%."
LA,personnel,Personnel & fronts,4,"One of the heaviest offenses: 1.7 tight ends per snap (5th most) and the 4th-fewest backs. It sees eight-man boxes on 15% of runs (league 9%), and those runs average −0.43 EPA; two-back looks (−0.35) and empty sets (−0.39) have both lost value. The defense plays the 2nd-most defensive backs and is far better sending extra rushers: −0.42 EPA per dropback with five or more against −0.05 with four."
LA,motion,Presnap motion,4,"The Rams use motion on 63% of plays (8th) and are worse with it: −0.06 EPA per play with motion against +0.17 without, the 4th-largest drop in the league. On passes the gap is −0.08 against +0.21. The defense flips the pattern: offenses gain 0.40 EPA per play from motion against Los Angeles (2nd most), because without it the Rams allow −0.37, the best mark in the league."
LA,qb,Quarterbacks,4,"Matthew Stafford is 18th of 33 qualifiers at +0.05 EPA per dropback, with 6 touchdowns and 6 interceptions after going 0 and 2 at Philadelphia. He still pushes the ball (9.6-yard average depth of target) and completes 1.2 points above expectation. FTN has charted 10 interception-worthy throws for the offense, the most in the league (average 4.2). Blitzes remain his problem: −0.33 EPA per dropback when opponents send extra rushers against +0.19 when they don't."
LA,rb,Running backs,4,"Kyren Williams is running well: 294 yards at 5.4 per carry, +1.06 yards over Next Gen Stats' expectation (8th of 46 qualifiers) and +0.05 EPA per carry, plus 21 catches for 173 yards. Blake Corum adds 4.9 per carry (+0.26 over expected). The backs get about 3 yards before contact (2nd), though broken tackles are scarce: 8 as a team (18th per game), 5 of them by Williams."
LA,wr,Receivers & TE,4,"Davante Adams is the downfield target: 22 catches for 390 yards and 2 touchdowns on 38 targets, a 15.7-yard average depth of target, 41% of the air yards and +0.39 EPA per target. Puka Nacua has 199 yards on 14 catches with 3.0 yards after the catch above expectation, and Tyler Higbee (15 of 19, 141 yards) has turned positive. FTN has charged the offense with 9 drops, 2nd most, 2 each by Adams, Terrance Ferguson and Blake Corum."
LA,ol,Offensive line,4,"One of the best lines in football. Alaric Jackson, Steve Avila, Coleman Shelton and Warren McClendon have played every snap and Kevin Dotson 99%. Pressure comes on 18% of dropbacks (2nd lowest), the sack rate is 3.5% (4th), and backs get 3.0 yards before contact (2nd). Runs behind right guard (−0.54 EPA on 17 carries) are still the leak, while 34 runs up the middle average 5.8 yards."
LA,sacks,Who owns the sacks?,4,"No public stat measures this directly, because the time of each sack isn't released. The best free combination is pressure-to-sack rate (how often pressure becomes a sack, a measure that mostly reflects the QB) plus FTN's charting of each sack. There have been six, and FTN charged none to Stafford. Three came when a standard rush won, two against blitzes and one on an extended play, and his 20% pressure-to-sack rate is below the 26% league average."
LA,front,Front seven,4,"The pass rush is finishing more: 7 sacks after 3 through Week 3, though volume is still low (7.8 pressures per game, 20th; 5.1% sack rate, 21st). Byron Young leads with 3.5 sacks, 11 pressures, 6 QB hits and a forced fumble, and Omar Speights has 2 sacks. The run defense has climbed to 10th in EPA per rush from 23rd a week ago."
LA,db,Secondary,4,"2nd in EPA per dropback allowed. Trent McDuffie has allowed 7 catches for 42 yards on 21 targets (a 23 passer rating) with 7 passes defensed and an interception, and Quentin Lake has 7 passes defensed, an interception and a forced fumble on 24 targets (65 rating). Josh Wallace (28 rating) has an interception. Jaylen Watson (2 touchdowns, 135 rating) and Kamren Kinchens (2 touchdowns on 5 targets) are the soft spots."
LA,cov,Coverage,4,"PFR's charting agrees. The Rams allow a 78.4 passer rating (3rd; league 93.2) and 5.0 yards per target (1st): 68 of 122 for 615 yards, 7 touchdowns and 3 interceptions. Cornerbacks are the strength at a 62.7 rating with 2 interceptions (3rd among cornerback groups). Safeties see 35% of the targets (2nd most; league 24%) and allow a 96.6 rating."
LA,st,Special teams,4,"Last in special teams DVOA. Harrison Mevis is 5 of 7 on field goals with a long of 48, Ethan Evans nets 37.9 yards per punt, and Xavier Smith averages 20.6 yards per kickoff return."
LAC,team,Team efficiency,4,"0–4 with a −39 point differential after a 23–30 loss at Seattle in which the Chargers turned it over 4 times. The offense is last in EPA per play, 29th passing and 26th rushing, and scores 16.8 points per game (29th). The defense has climbed to 12th in EPA per play, with a 7th-ranked sack rate."
LAC,dvoa,DVOA,4,"DVOA ranks the Chargers 31st. The offense is now last (32nd), the defense 20th and special teams 29th."
LAC,personnel,Personnel & fronts,4,"The Chargers still run the heaviest backfield in the league: two or more backs on 39% of snaps (1st; league 20%), and they go empty on 10% (3rd; league 6%). None of it has worked: −0.19 EPA per play with two backs, −0.16 with one and −0.02 from empty. They play the second-fewest tight ends (1.14 per snap). On defense, extra rushers have been the answer: −0.30 EPA per dropback with five or more on 34 plays, against +0.18 with four."
LAC,motion,Presnap motion,4,"Los Angeles motions on 72% of plays (3rd; league 58%), and nobody has gotten less out of it: −0.25 EPA per play after motion (32nd) against +0.06 without. Passes after motion are at −0.25 EPA per dropback with a 34% success rate (31st). On defense the Chargers handle motion well (−0.08 EPA per play, 3rd) but allow +0.12 when offenses line up still."
LAC,qb,Quarterbacks,4,"Justin Herbert is at −0.15 EPA per dropback (29th of 33 qualifiers), completing 3.6% below Next Gen Stats' expectation, with 4 touchdowns, 6 interceptions and a 70.6 passer rating. FTN has charted 9 interception-worthy throws, 2nd-most in the league (league average 4.2). Play action is the one thing working (+0.12 EPA per dropback against −0.26), and he is at −0.32 when blitzed."
LAC,rb,Running backs,4,"Omarion Hampton has 9 broken tackles on runs (tied for 3rd in the league in total broken tackles, Pro Football Reference) but is averaging 4.0 yards per carry and −0.22 EPA per carry. He is now 0.07 yards below Next Gen Stats' expectation (23rd of 46, up from 31st). Keaton Mitchell runs for 4.6 yards per carry and has caught 9 of 10 targets. The Chargers are 2nd in broken tackles per game (4.8)."
LAC,wr,Receivers & TE,4,"Tre Harris has become the lead receiver: 13 catches on 21 targets for 209 yards, +0.28 EPA per target and 3.4 yards of separation. Ladd McConkey is still the most efficient (12 of 17, 183 yards, +0.63 EPA per target) but was held without a catch in Week 4. Quentin Johnston has caught 7 of 19 with 2 drops, and tight end Oronde Gadsden II is at −0.39 EPA on 15 targets."
LAC,ol,Offensive line,4,"The line is still the biggest problem. Herbert is pressured on 30% of dropbacks (31st) and sacked on 8.3% (26th). Offensive linemen have drawn 18 accepted penalties, the most of any line, led by Joe Alt (6, including 4 false starts); Alt played 83% of snaps, with Travis Burke filling in. The 29 runs up the middle have cost −0.35 EPA each; only left guard (+0.41 on 10) and right tackle runs have been positive."
LAC,sacks,Who owns the sacks?,4,"No public stat measures this directly, because the time of each sack isn't released. The best free combination is pressure-to-sack rate (how often pressure becomes a sack, mostly a QB measure) plus FTN's charting of each sack. Week 4 pointed at Herbert for the first time: FTN charged all 4 of his sacks at Seattle to him, after charging him with none of the first 8. For the season he converts pressure to sacks at 29% (league 26%), and 4 of his 12 sacks came against a blitz."
LAC,front,Front seven,4,"Khalil Mack leads with 10 pressures, 3 sacks and 5 tackles for loss, and Tuli Tuipulotu has 8 pressures, 2 sacks and 7 QB hits. As a unit the Chargers average 9.8 pressure credits per game (13th) and rank 7th in sack rate with 10 sacks. The run defense ranks 15th."
LAC,db,Secondary,4,"19th in pass defense EPA. Cam Hart has allowed 167 yards on 16 targets but has an interception and 4 passes defensed, and Genesis Smith still has 2 interceptions. Offenses are picking on the linebackers: Del'Shawn Phillips has allowed 9 of 9 (131.0 rating) and Daiyan Henley 8 of 11 for 97 yards."
LAC,cov,Coverage,4,"The Chargers have allowed a 93.6 passer rating in coverage (20th; league 93.2), and opponents complete 66% of their throws (28th) for 8.0 yards per target (22nd). The cornerbacks give up the most per throw (9.7 yards per target), and the linebackers have allowed 22 of 28 for a 106.1 rating. Tony Jefferson (128.6) is the most-beaten safety."
LAC,st,Special teams,4,Cameron Dicker is 6 of 8 on field goals with a long of 40 and 7 of 7 on extra points. J.K. Scott averages 48.1 yards per punt (43.1 net) with 4 inside the 20. Keaton Mitchell returns kickoffs at 24.9 yards. DVOA still ranks the unit 29th.
LV,team,Team efficiency,4,"3–1 with a +31 point differential after a 27–30 home loss to Kansas City, the Raiders' first game without a takeaway (9 on the season, against 6 giveaways). Las Vegas ranks 4th in defensive EPA per play, 5th against the pass, 7th against the run and 5th in sack rate. The offense is 14th in EPA per play: 11th passing, but 29th rushing."
LV,dvoa,DVOA,4,"DVOA slid Las Vegas from 9th to 12th, with the 14th-ranked offense, the 11th-ranked defense and special teams at 10th."
LV,personnel,Personnel & fronts,4,"Las Vegas is still a heavy team: two or more backs on 34% of snaps (4th; league 20%) and the fewest receivers on the field (1.9 per snap; league 2.4), with 1.7 tight ends (4th). Two-back looks (+0.07 EPA per play) and empty sets (+0.35 on 16 plays) have beaten one-back sets (−0.06). The defense rarely blitzes (25% of dropbacks, 23rd), but five or more rushers have held offenses to −0.32 EPA per dropback on 37 plays."
LV,motion,Presnap motion,4,"Las Vegas motions on 66% of plays (6th; league 58%). It lifts the passing game (+0.27 EPA per dropback after motion, 5th, against −0.03 without) but sinks the run game (−0.34 EPA per carry after motion, 32nd). The defense is the league's best against motion: it has faced it more than anyone (71% of plays) and allows −0.21 EPA per play on those snaps (1st), against +0.17 without."
LV,qb,Quarterbacks,4,"Kirk Cousins has been efficient: +0.17 EPA per dropback (12th of 33 qualifiers), 11 touchdowns, 4 interceptions, a 99.5 passer rating and 2.6% above Next Gen Stats' completion expectation. He threw 52 passes against Kansas City. He still rarely leaves the pocket (11% of dropbacks, 3rd-lowest; league 20%), and play action remains a big lever (+0.39 EPA per dropback against +0.09)."
LV,rb,Running backs,4,"Ashton Jeanty is still stuck: 78 carries at 3.4 yards per carry, −0.29 EPA per carry and a 32% success rate, 0.11 yards below Next Gen Stats' expectation (27th of 46). He has 5 broken tackles on runs (Pro Football Reference), and adds 19 catches for 165 yards and 2 touchdowns, though with 3 drops. Mike Washington Jr. averages 5.0 yards per carry."
LV,wr,Receivers & TE,4,"Targets are spread evenly: Jeanty, Michael Mayer and Brock Bowers have 24 each and Tre Tucker 23. Bowers has been the most productive (16 catches, 202 yards, 2 touchdowns, +0.57 EPA per target). Tucker is the deep threat (14.9-yard average depth, 30% of the air yards, 233 yards). Mayer has caught 20 of 24, and Cody White has 3 touchdowns on 10 targets."
LV,ol,Offensive line,4,"Pass protection slipped: Cousins has been pressured on 26% of dropbacks (28th, down from 9th), though the 3.4% sack rate is 3rd and he wasn't sacked in Week 4. Jackson Powers-Johnson (69%) and Caleb Rogers (31%) now share one guard spot; the other four linemen have played every snap. The run blocking is the bigger issue: 1.4 yards before contact per carry (32nd), every run direction is negative, and the 41 runs up the middle average 3.3 yards at −0.19 EPA."
LV,sacks,Who owns the sacks?,4,"No public stat measures this directly, because the time of each sack isn't released. The best free combination is pressure-to-sack rate (how often pressure becomes a sack, mostly a QB measure) plus FTN's charting of each sack. Cousins rarely lets pressure become a sack (13% vs. 26% league, 3rd-lowest of 36). FTN charted his 5 sacks as 2 standard rushes, 2 charged to him and 1 extended play, and none came in Weeks 1 or 4."
LV,front,Front seven,4,"Las Vegas averages 14.0 pressure credits per game, 2nd in the league (league 9.3). Maxx Crosby leads with 18 pressures and 11 QB hits, now with 2 sacks. Malcolm Koonce (2.5), Kwity Paye (2) and Nakobe Dean (1.5) have also finished, for 12 sacks and a 5th-ranked sack rate. The run defense ranks 7th, and runs into eight-man boxes have been stuffed at −0.96 EPA per carry on 7 plays."
LV,db,Secondary,4,"5th in pass defense EPA. Hezekiah Masses has 3 interceptions and 6 passes defensed and has allowed a 42.9 passer rating on 20 targets. Eric Stokes is the most-targeted defender (22 targets, 87.5 rating). Linebacker Nakobe Dean has allowed 12 catches on 13 targets."
LV,cov,Coverage,4,"Las Vegas has allowed an 88.9 passer rating in coverage (12th, down from 8th; league 93.2). The cornerbacks carry it: a 60.3 rating and 47% completions on 64 targets. The safeties are the soft spot at a 127.5 rating, 11.0 yards per target and 4 of the 7 touchdowns, with Isaiah Pola-Mao (2 touchdowns on 7 targets) and Jeremy Chinn (7 of 8) the most beaten."
LV,st,Special teams,4,Matt Gay is 10 for 10 on field goals with a long of 59 and 9 of 9 on extra points. AJ Cole averages 50.4 yards per punt (45.4 net) with 7 inside the 20. Dylan Laube averages 33.4 yards per kickoff return and Malik Benson 13.6 per punt return. DVOA ranks the unit 10th.
MIA,team,Team efficiency,4,"Miami is 0–4 after a 15–10 loss at Minnesota. The offense ranks 30th in EPA per play, 31st in success rate and last in scoring (11.5 points per game). The defense is 28th in EPA per play and 30th against the pass, but held Minnesota to 15 points. The −55 point differential is the league's worst by 16 points."
MIA,dvoa,DVOA,4,"DVOA still has Miami 32nd overall, the only team below −40%. The offense is 30th, the defense 28th and special teams 31st."
MIA,personnel,Personnel & fronts,4,"Miami plays the fewest tight ends in the league (1.1 on the field on average) and more backs than most (6th). Two-back looks take 29% of snaps (league 20%) and lose −0.18 EPA per play; one-back sets aren't much better (−0.15). On defense, the rush count hasn't mattered: four rushers allow +0.25 EPA per dropback and five or more allow +0.47."
MIA,motion,Presnap motion,4,"Miami motions more than any team, on 80% of snaps (league 58%), and it hasn't worked. Plays with motion average −0.18 EPA (30th) and a 31% success rate (last), against +0.03 and 49% without. Passes after motion average 5.0 yards against 9.3 without. On defense, opponents' passes after motion have gained +0.38 EPA per play, 31st."
MIA,qb,Quarterbacks,4,"Malik Willis ranks 27th of 33 qualified quarterbacks in EPA per dropback (−0.11), with one touchdown and two interceptions. Week 4 was his worst passing game: 9 of 17 for 85 yards, 12 points below Next Gen Stats' expected completion rate. He still throws into tight windows on 20% of attempts (5th highest). Blitzes hurt most (−0.34 EPA per dropback blitzed, +0.01 not), and play action has helped (+0.07 vs. −0.18)."
MIA,rb,Running backs,4,"The run game ranks 27th in EPA per carry, though Week 4 was its best game (+0.18). Ollie Gordon II has overtaken De'Von Achane: 148 yards on 29 carries (5.1 per carry), 0.5 over Next Gen Stats' expectation (10th of 46) and four broken tackles on runs (Pro Football Reference charting), but only a 24% success rate. Achane averages 3.7, 0.3 below expectation (31st)."
MIA,wr,Receivers & TE,4,"Malik Washington draws 27% of targets and 31% of air yards, and his EPA per target has improved to about break-even (−0.05). Chris Bell runs the deepest routes of any NGS-qualified receiver (18.0-yard average depth of target) and adds 3.8 yards of YAC over expectation (4th), but has 5 catches on 13 targets. Caleb Douglas has 113 yards on 10 targets; Kevin Coleman Jr. has 6 yards on 10."
MIA,ol,Offensive line,4,"The same five linemen have played every snap. Miami allows pressure on 27% of dropbacks (29th) and a sack on 8.7% (27th). Runs to the right have been worst: right guard runs average 3.3 yards and right tackle runs lose yardage. The line has 12 accepted penalties, 7 for holding, tied for 5th most among lines."
MIA,sacks,Who owns the sacks?,4,"No public stat measures this directly, because the time of each sack isn't released. The best free combination is pressure-to-sack rate (how often pressure becomes a sack, mostly a QB measure) plus FTN's charting of each sack. This one leans toward the quarterback. FTN charged four of Willis's 11 sacks to him and two more came on extended plays outside the pocket. His pressure-to-sack rate (31% vs. 26%) is above average. Both Week 4 sacks were on the line, one against a standard rush and one on a blitz."
MIA,front,Front seven,4,"The first four sacks of the season all came in Week 4 at Minnesota: two from Zach Sieler, one each from Joshua Uche and Chop Robinson. Volume is still low at 6.8 pressures per game (25th; league 9.3), with Robinson leading at nine. The run defense is a strength at 6th in EPA per rush, and Sieler has five tackles for loss."
MIA,db,Secondary,4,"The pass defense is 30th in EPA per dropback. Chris Johnson has allowed three touchdowns on 19 targets (131.8 rating), Michael Taaffe 178 yards on 14 targets despite an interception, and linebacker Willie Gay Jr. all seven targets for 103 yards."
MIA,cov,Coverage,4,"Miami allows a 112.8 passer rating in coverage (31st; league 93.2) and a 72.7% completion rate, with nine touchdowns on 121 targets. Cornerbacks (124.1) and linebackers (115.6) both rank 31st among their groups, and linebackers see 39% of targets (league 27%), with Jordyn Brooks allowing 12 of 16. The three interceptions came from Jacob Rodriguez, Taaffe and Dante Trader."
MIA,st,Special teams,4,"Special teams rank 31st in DVOA. Riley Patterson is 6 of 8 on field goals with a long of 41. Jaylen Wright averages 28.2 yards on 10 kick returns. Bradley Pinion nets 38.1 yards per punt on 15 punts, five inside the 20."
MIN,team,Team efficiency,4,"4–0, and the whole thing rests on the defense. Minnesota is 1st in defensive EPA per play, 1st in success rate, 1st in sack rate and 1st in points allowed at 12.75 a game. The offense is 27th in EPA per play and last in the league in success rate at 33.1%, so the margins stay thin: 21.5 points a game and four wins by 17, 6, 7 and 5. A +5 turnover margin and 289 yards allowed a game are doing the work of an offense."
MIN,dvoa,DVOA,4,DVOA agrees on the shape and ranks it 10th overall at +11.2%: the 2nd-ranked defense (−22.3%) and the No. 1 special teams (+12.3%) covering for the 31st-ranked offense (−23.4%).
MIN,personnel,Personnel & fronts,4,"The offense leans on extra backs more than most, two or more on 28% of snaps against a 20% league rate, and those looks are the least bad (0.00 EPA against −0.13 for one-back sets, −0.37 for the eight empty snaps). Play action is the one real lever, +0.34 EPA per dropback against −0.22 without it, used on 27% of dropbacks. The defense is the most aggressive in football by a distance: five or more rushers on 72.6% of dropbacks against a 31% league rate, and it holds offenses to about −0.16 EPA per dropback whether it sends four or more, which is why there is no obvious way to make it stop."
MIN,motion,Presnap motion,4,"Motion barely helps the offense: −0.08 EPA per play with it against −0.13 without, a +0.05 gain that ranks 13th, on a 56.7% rate. The number that matters is on the other side. Minnesota is close to unplayable when the offense stands still — −0.31 EPA per play, 2nd in the league, and 3.8 yards per pass play, the best mark in football — but only −0.07 against motion, a +0.24 gap that ranks 30th. It is the one repeatable way anyone has moved the ball on this defense, and opponents have used it less than you would expect, motioning on 53.6% of snaps against the Vikings, 27th."
MIN,qb,Quarterbacks,4,"Kyler Murray has the job and has not solved it: −0.16 EPA per dropback over 84 dropbacks (30th among qualified passers) with one touchdown and two interceptions. Week 4 against Miami was his cleanest game, 27 of 37 for 247 yards, no turnovers and completions 3.9 points above expectation, but it came on a 4.9-yard average target depth and an average throw 4.3 yards short of the sticks. Carson Wentz's 47 dropbacks still rate better (+0.08, three touchdowns, no interceptions) despite completions 7.8 points below expectation, and he was sacked on 12.8% of them."
MIN,rb,Running backs,4,"Aaron Jones is the entire run game, 72 carries against 15 for Jordan Mason and six for Demond Claiborne, and he is at 4.1 yards per carry with a 35% success rate and −0.43 yards per carry against Next Gen Stats' expectation. What stands out is contact: Minnesota has five broken tackles in four games, 1.25 a game (27th), and exactly one of them is Jones's, on 81 touches (Pro Football Reference charting). The blocking is unremarkable rather than bad at 2.39 yards before contact (17th), so this is a yards-after-contact problem."
MIN,wr,Receivers & TE,4,"T.J. Hockenson is now the focal point and the volume leader: 22 catches on 26 targets for 195 yards, +0.63 EPA per target and 3.3 yards of separation, though he is 106th of 111 qualified receivers in YAC above expectation, so it is all catches and no extra. Justin Jefferson has not added a target since Week 3 and has played 47% of the snaps; his 13 catches for 179 yards and two touchdowns at +0.93 EPA per target remain the best efficiency on the roster and the clearest thing the offense is missing. Jordan Addison has the deep role (37% of the air yards, a 13.8-yard average depth) and has caught 11 of 22 for −0.10 EPA per target."
MIN,ol,Offensive line,4,"Blake Brandel, Will Fries and Brian O'Neill have played all 254 snaps, with Christian Darrisaw at 86% and Donovan Jackson at 72%. Pressure allowed is middling at 23.5% (19th), but far too much of it ends on the ground: 13 sacks on 131 dropbacks, a 9.9% rate that ranks 31st. On the ground only right end (+0.27 on seven carries) and right tackle (+0.04 on 11) are positive, and the two most-used lanes, right guard (23 carries, 3.3 yards) and the middle (20, 2.7), are where the offense keeps going anyway."
MIN,sacks,Who owns the sacks?,4,"No public stat measures this directly, because the time of each sack isn't released. The best free combination is pressure-to-sack rate (how often pressure becomes a sack, mostly a QB measure) plus FTN's charting of each sack. It still splits by quarterback. Wentz was pressured on only 19% of dropbacks but 6 of his 9 pressures became sacks, a 67% rate that points squarely at protection; Murray is at 32% on heavier pressure. The charting agrees: FTN charged just one of the 13 sacks to a quarterback, six were standard four-man rushes beaten — including three of the four Miami got in Week 4 — and four were extended plays."
MIN,front,Front seven,4,"The best pass rush in football, by margin rather than by inches: 16.0 pressures per game against a 9.3 league average, 16 sacks and a 10.5% sack rate, both 1st. Dallas Turner has 22 pressures, 14 QB hits, 5.5 sacks and two forced fumbles; Andrew Van Ginkel has three sacks, an interception and a 2.8 passer rating allowed in coverage; Blake Cashman adds nine pressures and 2.5 sacks from linebacker; Kyle Van Noy has six tackles for loss on 32% of snaps. The run defense is 5th in EPA per rush, so there is no soft side to go at."
MIN,db,Secondary,4,"1st in pass defense EPA, and not only because of the rush. Isaiah Rodgers has allowed 7 of 19 for a 36.1 rating with an interception, James Pierre 5 of 12 for 19.4 with another, and Byron Murphy has held up on the heaviest volume at 18 of 26 for 231 yards (80.8) with a third interception. Safety is the one leak: Theo Jackson has allowed all three of his targets for 98 yards and two touchdowns (158.3), and Josh Metellus sits at 99.8 on 22 targets, the most of any defender here."
MIN,cov,Coverage,4,"Minnesota has allowed a 72.6 passer rating in coverage, 2nd in the league, with the lowest completion rate in football at 55.3%, the fewest touchdowns (three) and four interceptions. The cornerbacks are the best group in the league at 53.0 on 57 targets with no touchdowns allowed and three interceptions, and the linebackers are 3rd at 59.1. All three touchdowns have come against the safeties, who sit 23rd at 114.6, two of them on Theo Jackson's three targets — so the only way through this coverage so far has been over the top of the safeties."
MIN,st,Special teams,4,"Will Reichard is 12 for 12 on field goals with a long of 56 and 6 for 6 on extra points, which is most of why Minnesota is 1st in special teams DVOA. Myles Price averages 30.2 yards per kickoff return and 20.1 per punt return. Two punters are splitting the work, Brett Thorson (10 punts, a 41.1-yard net, five inside the 20) and Johnny Hekker (12, 38.6, two inside the 20). The team is also the 5th-least-penalized in the league at 6.5 flags a game, with one defensive back penalty all season, tied for the fewest of any team."
NE,team,Team efficiency,4,"The offense finally showed up in a 29–26 win at Buffalo, its best game by EPA per play (+0.18) and yardage (407), and the climb from 28th to 23rd in offensive EPA per play shows it. The defense still carries the team: 13th in EPA per play, 6th against the pass and 6th in points allowed (19.3 per game). The gap is turnovers, with 10 giveaways against 5 takeaways, and a run defense that ranks 30th."
NE,dvoa,DVOA,4,"DVOA has New England 26th overall at 2–2. The offense moved up from last to 26th after the Buffalo win, the defense is 7th, and special teams are 21st."
NE,personnel,Personnel & fronts,4,"New England plays two or more backs on 28% of snaps (league 20%), and those looks keep failing at −0.31 EPA per play, against +0.06 in one-back sets. It uses fewer tight ends than most (26th). On defense, sending five or more rushers is still the better call (−0.13 EPA per dropback, against +0.01 with four), but runs into an eight-man box have gained +0.22 EPA per carry."
NE,motion,Presnap motion,4,"New England motions at about the league rate (55% of snaps, 20th; league 58%) and has been worse with it on both passes and runs. The run game is the problem: runs after motion average 2.5 yards, last in the league, against 4.2 without. On defense the pattern flips, with runs after motion held to −0.01 EPA against +0.14 without."
NE,qb,Quarterbacks,4,"Drake Maye had his best game in Buffalo: 22 of 37 for 269 yards, three touchdowns and a 97.7 passer rating. For the season he ranks 21st of 33 qualified quarterbacks in EPA per dropback (+0.01), and his seven interceptions still lead the league. He holds the ball 3.04 seconds on average (6th longest), and play action has cost him (−0.16 EPA per dropback with it, +0.08 without)."
NE,rb,Running backs,4,"Both backs are at or above Next Gen Stats' expected yardage, but neither produces positive EPA: Rhamondre Stevenson averages 3.7 yards on 44 carries (−0.06 EPA) and TreVeyon Henderson 3.7 on 38 (−0.15, 32% success rate). Henderson's edge over expectation has shrunk to 0.2 yards per carry. Through Week 4 no Patriots back has broken a tackle on a run (Pro Football Reference charting), and the team's 0.75 broken tackles per game rank 31st."
NE,wr,Receivers & TE,4,"Mack Hollins and Romeo Doubs share the lead with 20 targets each. Hollins has been the more efficient (15 catches, 209 yards, +0.64 EPA per target); Doubs has the two touchdowns and gets 3.6 yards of separation on a 16-yard average depth of target, second only to Isaac TeSlaa among NGS-qualified receivers with a 14+ yard depth. DeMario Douglas has been held to 82 yards on 17 targets."
NE,ol,Offensive line,4,"Will Campbell and Alijah Vera-Tucker have played every snap and Jared Wilson and Morgan Moses most of them, while five others have rotated through the remaining spot. The sack rate has improved to 6.8% (20th, from 29th) and Maye was sacked once in Buffalo, but pressure still comes on 25% of dropbacks (26th). Runs behind right guard average 2.6 yards at −0.33 EPA, and Campbell has four of the line's eight accepted penalties."
NE,sacks,Who owns the sacks?,4,"No public stat measures this directly, because the time of each sack isn't released. The best free combination is pressure-to-sack rate (how often pressure becomes a sack, mostly a QB measure) plus FTN's charting of each sack. This still points mostly at the line. Maye's pressure-to-sack rate (28% vs. 26%) is now close to average. FTN charged one of his 10 sacks to him, the lone sack in Week 4; six of the others came against a standard rush of four or fewer."
NE,front,Front seven,4,"The pass rush is middle of the pack: 8.0 pressures per game (19th; league 9.3) and a sack rate that ranks 19th. Elijah Ponder leads with 2.5 sacks, six QB hits and four tackles for loss, Gabe Jacas has 1.5 sacks and an interception, and Christian Barmore adds a sack and a forced fumble. Run defense remains the problem at 30th in EPA per rush."
NE,db,Secondary,4,"The pass defense ranks 6th in EPA per dropback. Christian Gonzalez has allowed 8 catches for 43 yards on 18 targets (51.6 rating), and Marcus Jones has an interception and four passes defensed on 20 targets. Craig Woodson's interception in Buffalo dropped his rating allowed from above 140 to 63.0; Kevin Byard is still at 140.6, and Charles Woods has allowed 156 yards on 14 targets."
NE,cov,Coverage,4,"New England allows a 91.2 passer rating in coverage (17th; league 93.2) and 7.3 yards per target (11th). The cornerbacks are 8th best among cornerback groups at 83.5 on 71 targets. Safeties improved from 147.2 to 109.7 (21st) after Woodson's interception, and linebackers are at 108.8 (26th), with Christian Elliss allowing 13 of 18 for 157 yards."
NE,st,Special teams,4,"Andy Borregales is 5 of 7 on field goals with a long of 50 and 6 for 6 on extra points. Mitch Wishnowsky averages 48.3 yards gross and 40.7 net on 14 punts, with six inside the 20. Kyle Williams averages 24.8 yards on 11 kick returns. Special teams rank 21st in DVOA."
NO,team,Team efficiency,4,"The defense has become the story of a 1–3 start. New Orleans now allows 32.0 points per game, most in the league, and ranks 30th in defensive EPA per play, 31st in success rate allowed and 32nd against the run. The 45–24 home loss to Atlanta (+0.42 EPA per play allowed, 422 yards) was the low point. The offense is middle of the pack, 15th in EPA per play and 10th in points per game, and eight giveaways against three takeaways have not helped."
NO,dvoa,DVOA,4,"DVOA agrees and has slid further: New Orleans is 30th overall (from 28th), with the defense 31st, the offense 21st and special teams 19th."
NO,personnel,Personnel & fronts,4,"A spread offense with 2.65 receivers per snap (5th most) and few tight ends (23rd), and it sees light boxes on 67% of runs (league 45%) without taking advantage (−0.15 EPA per run). The defense keeps more linemen on the field than any team and the fewest linebackers. Blitzing keeps backfiring: sending five or more allows +0.32 EPA per dropback, against +0.13 with four rushers and a league rate of 0.00 when blitzing."
NO,motion,Presnap motion,4,"Motion hasn't helped either side of the ball. New Orleans motions on 59% of plays (13th; league 58%) and is slightly worse with it (−0.03 EPA per play) than without (+0.02), mostly because runs after motion fall to −0.15 EPA. The defense is hurt badly by it: runs after motion gain 5.5 yards with a 57% success rate and +0.23 EPA, all last in the league, compared with −0.04 EPA when the offense stays still."
NO,qb,Quarterbacks,4,"Tyler Shough has been accurate but not efficient: completions 3.1 points above expectation (Next Gen Stats), 9 touchdowns, 3 interceptions and a 95.7 passer rating, yet only +0.03 EPA per dropback (20th of 33). The blitz is the biggest drag (−0.19 EPA per dropback when opponents send extra rushers, +0.12 when they don't). Play action works (+0.20 vs. −0.02) but New Orleans uses it on 18% of dropbacks, 29th. Against Atlanta he threw deeper than usual (10.2-yard average intended air yards) and went 30 of 48 for 286 yards."
NO,rb,Running backs,4,"Nobody has gotten the run game going. Travis Etienne leads with 4.3 yards per carry but is half a yard below Next Gen Stats' expectation, Alvin Kamara is at 3.0 yards per carry and 0.9 below expectation (44th of 46 qualifiers), and Kendre Miller has 53 yards on 19 carries (−0.40 EPA per carry). Through Week 3 the backs gained 2.3 yards before contact per carry (20th), while New Orleans broke 4.0 tackles per game (5th), led by Etienne (4) and tight end Juwan Johnson (3)."
NO,wr,Receivers & TE,4,"Chris Olave remains the focal point, with 28% of the targets and 45% of the air yards, and has turned that into 35 catches for 491 yards and +0.73 EPA per target. Juwan Johnson is the best efficiency target: 21 catches on 27 targets, 3 touchdowns, 3.8 yards of separation and 1.4 yards after the catch above expectation. Devaughn Vele (21 catches, 226 yards, 2 touchdowns) is close behind, and Noah Fant has 3 touchdowns on 8 catches. Bryce Lance gets the deep shots (16.0-yard average depth of target) but has caught 5 of 13."
NO,ol,Offensive line,4,"Pass protection holds up until the sack. Through Week 3 New Orleans allowed pressure on 20% of dropbacks (6th lowest), and the 6.1% sack rate ranks 18th. Four linemen (Fuaga, Edwards, McCoy and Ruiz) have played every snap, with Kelvin Banks and Asim Richards splitting left tackle. Runs up the middle work (3.7 yards per carry, +0.20 EPA, 53% success on 40 carries); runs behind right tackle have one success in 12 tries."
NO,sacks,Who owns the sacks?,4,"No public stat measures this directly, because the time of each sack isn't released. The best free combination is pressure-to-sack rate (how often pressure becomes a sack, a measure that mostly reflects the QB) plus FTN's charting of each sack. It leans toward the quarterback and the blitz pickup. Through Week 3 Shough was pressured less than average but turned 10 of his 29 pressures into sacks (34% vs. 26%). Of the 12 sacks, FTN put 5 on a standard rush, 4 on blitzes, 2 on Shough and 1 on an extended play; Atlanta's two in Week 4 came on a six-man blitz and a four-man rush on fourth down."
NO,front,Front seven,4,"The run defense is last in EPA per rush allowed (+0.11), and the pass rush is middling: 9.7 pressures per game through Week 3 (16th) and a 5.9% sack rate (18th). Chase Young has been the bright spot with 3.5 sacks, 5 QB hits and 3 tackles for loss. Linebacker Kaden Elliss adds 6 pressures and 5 QB hits as a blitzer, and Pete Werner has 3 tackles for loss."
NO,db,Secondary,4,"27th in EPA per dropback allowed (from 22nd), with no takeaways against Atlanta. In charting through Week 3, Kool-Aid McKinstry played every snap with 4 passes defensed and a 91 passer rating allowed on 20 targets. The touchdowns have come at safety and the other corner spot: Julian Blackmon has allowed 3 on 7 targets and Quincy Riley 2 on 15. Justin Reid has 4 missed tackles and a 114 rating allowed."
NO,cov,Coverage,4,"Through Week 3 (Pro Football Reference has not added the Atlanta game), coverage leaked at the back end: a 102.8 passer rating allowed (25th; league 93.2) and 8 touchdowns against 1 interception. Safeties allowed 5 of those touchdowns and a 114.7 rating while drawing 30% of the targets (league 24%). Yards per target were fine (7.0, 7th), and the linebackers held up at 87.8 on 36 targets."
NO,st,Special teams,4,"Below average (19th in special teams DVOA). Daniel Carlson is 5 of 7 on field goals with a long of 51 and 10 of 11 on extra points. Ryan Wright nets 40.2 yards per punt, and Barion Brown averages 25.8 yards on kickoff returns."
NYG,team,Team efficiency,4,"New York is 3–1 with a +3 point differential, and the defense is why. It ranks 17th in EPA per play (27th a week ago) and 8th in points allowed at 19.8 per game, with eight takeaways, three of them in the 36–24 win over Arizona. The offense is 22nd in EPA per play and 26th in success rate, and scored 36 in Week 4 despite a negative EPA game (−0.09 per play)."
NYG,dvoa,DVOA,4,"DVOA still sees a below-average team. New York is 23rd overall, with the 29th-ranked offense and 17th-ranked defense; special teams (2nd) continue to do a lot of the work."
NYG,personnel,Personnel & fronts,4,"The Giants remain the most run-leaning offense in the league at 12.5 points below expected pass rate (32nd), with two or more backs on 34% of snaps (league 20%) and fullback Patrick Ricard on 45%. Neither look is producing: −0.09 EPA per play with two or more backs and −0.03 with one. On defense the blitz has started paying off, holding passers to −0.17 EPA per dropback with five or more rushers, while the four-man rush allows +0.12."
NYG,motion,Presnap motion,4,"The Giants motion on 52% of snaps (25th; league 58%), but the offense is much better when they do: +0.04 EPA per play with motion against −0.14 without, the 8th-largest gain in the league. Passes after motion average +0.17 EPA, against −0.06 without. The defense faces motion on 55% of snaps and has handled it well (−0.03 EPA per play, 10th)."
NYG,qb,Quarterbacks,4,"Jameis Winston has started the last two games after taking over in Week 2, and he is at −0.19 EPA per dropback (31st of 33 qualified), with completions 6.1 points below expectation and three touchdowns against three interceptions. Week 4 was his best game: 18 of 29 for 250 yards, three touchdowns and two interceptions. Jaxson Dart's 38 dropbacks are still at +0.55. The offense collapses against the blitz (−0.55 EPA per dropback vs. +0.28 without), and play action has helped (+0.24 vs. −0.04)."
NYG,rb,Running backs,4,"Cam Skattebo has 68 carries at 3.5 yards per carry, 0.5 yards below Next Gen Stats' expectation and −0.17 EPA per carry, after running right at expectation through Week 3. The blocking is the bigger problem: 1.8 yards before contact per carry (29th), and Skattebo gets more after contact (2.1) than before it (1.3). Najee Harris has added 22 carries at 4.0 yards each. Skattebo leads with four broken tackles, and the team has eight, 18th per game (Pro Football Reference charting)."
NYG,wr,Receivers & TE,4,"Isaiah Likely is the top target with 35 (32% of the team's), 22 catches, 190 yards and two touchdowns at +0.16 EPA per target. Malik Nabers has climbed to +0.23 EPA per target (from −0.27 a week ago) with 18 catches for 208 yards. Malachi Fields is the deep option (17.4-yard depth of target, 27% of air yards) with 8 catches on 15 targets, and Darnell Mooney is at +0.54 EPA per target on 10 targets."
NYG,ol,Offensive line,4,"Andrew Thomas, Jon Runyan Jr., Francis Mauigoa and Jermaine Eluemunor have played every snap, and John Michael Schmitz and Bryan Hudson have split center. Pressure is about average (22.2%, 15th), but the sack rate has climbed to 8.7% (29th), and the line has 11 accepted penalties, four of them Runyan false starts. Runs around left end work (7.5 yards per carry), while the most-used lane, up the middle, averages 2.4 yards and −0.33 EPA."
NYG,sacks,Who owns the sacks?,4,"No public stat measures this directly, because the time of each sack isn't released. The best free combination is pressure-to-sack rate (how often pressure becomes a sack, mostly a QB measure) plus FTN's charting of each sack. This now points mostly at the quarterback. Winston has turned 9 of his 22 pressures into sacks (41% vs. a 26% league rate), and FTN charged all four Arizona sacks to him, six of the team's 11 in all. The other five are split: two rushes won, two blitzes and one extended play."
NYG,front,Front seven,4,"Still the quietest pass rush in the league: three sacks in four games, a 2.1% sack rate (32nd), and 5.0 pressure credits per game (32nd). Abdul Carter leads with six pressures and five QB hits, Brian Burns has five pressures, and Carter and Tremaine Edmunds have a sack each. The run defense has slipped to 25th in EPA per rush."
NYG,db,Secondary,4,"Jevon Holland is still the playmaker, with three interceptions, four passes defensed and two forced fumbles, and Greg Newsome II has been the best corner (13 of 24 allowed, a 56.4 rating and an interception). Deonte Banks has an interception and six passes defensed but has allowed three touchdowns, as has Colton Hood (10 of 13, 138.5 rating). Linebackers Tremaine Edmunds and Arvell Reese have allowed 28 of 30, though Reese has an interception."
NYG,cov,Coverage,4,"The coverage numbers improved sharply. New York is 8th in passer rating allowed (85.5), 4th in yards per target (6.4) and 1st in interceptions with six, although opponents still complete 63.7% (22nd). The safeties are the strength: a 47.0 rating on 31 targets with three interceptions, against a league 98.3. Cornerbacks are at 91.0 on 71 targets with six touchdowns allowed, and linebackers have allowed 30 of 33."
NYG,st,Special teams,4,"New York ranks 2nd in special teams DVOA. Dominic Zvada is 9 for 9 on field goals with a long of 52 and 5 for 5 on extra points. Jordan Stout has put 9 of 16 punts inside the 20 with a net average above 44 yards, and Braxton Berrios averages 27.6 yards per kickoff return."
NYJ,team,Team efficiency,4,"New York is 1–3 after a 23–12 loss at Chicago, where the offense managed 157 yards and the defense gave up 495. Over four games the Jets still rank 12th in offensive EPA per play and 15th on defense, with a −8 point differential. The run game (25th) lags the passing game (12th). Ball security is the strength: one giveaway all season against four takeaways."
NYJ,dvoa,DVOA,4,"DVOA has dropped New York to 25th overall, from 15th. The offense fell to 19th and the defense to 19th; special teams improved from 28th to 23rd."
NYJ,personnel,Personnel & fronts,4,"New York stays in one-back sets more than most (84% of snaps, league 74%) and plays slightly more tight ends than average (12th). The few two-back looks lose −0.15 EPA per play. On defense, the four-man rush has slipped to +0.11 EPA per dropback (league +0.10), while sending five or more allows +0.02."
NYJ,motion,Presnap motion,4,"The Jets motion less than almost anyone: 47% of snaps (30th; league 58%) and 38% of passes (31st). Plays without motion have been better (+0.07 EPA vs. −0.04), mostly because runs after motion lose −0.23 EPA. On defense, opponents' passes after motion have gained only +0.02 EPA per play (9th), against +0.17 without."
NYJ,qb,Quarterbacks,4,Geno Smith still leads the league in completion rate over Next Gen Stats' expectation (+10.3) and has five touchdowns with no interceptions. He ranks 14th of 33 in EPA per dropback (+0.14). It's a short game: a 7.2-yard average depth of target (24th) that lands about two yards short of the sticks. He threw only 15 passes in Chicago. Play action remains his best lever at +0.36 EPA per dropback.
NYJ,rb,Running backs,4,"The backs break tackles but don't get room. Breece Hall and Braelon Allen have five broken tackles each on runs (Pro Football Reference charting), and New York ranks 6th in broken tackles per game. But Hall averages 3.2 yards per carry, 0.2 below Next Gen Stats' expectation, and the team is 27th in yards before contact. Allen has the better success rate (45% vs. 33%), and Hall is still 10 for 10 as a receiver for 102 yards."
NYJ,wr,Receivers & TE,4,"Garrett Wilson gets 28% of targets and 41% of air yards: 24 catches, 270 yards, two touchdowns, +0.43 EPA per target. Kenyon Sadiq's 4.9 yards of separation rank 2nd of 111 NGS-qualified receivers. Adonai Mitchell is the deep threat on a 15.8-yard average depth of target, and Isaiah Williams has 10 catches on 12 targets for 135 yards."
NYJ,ol,Offensive line,4,"Olu Fashanu, Josh Myers and Joe Tippmann have played every snap and Armand Membou all but one; Dylan Parham and Jordan Meredith share the fifth spot. Pressure rate has slipped to 23% (17th, from 4th lowest), and the 8.8% sack rate ranks 30th. Run blocking is still weak at 2.0 yards before contact per carry (27th), and left tackle runs average 2.2 yards. The line has only four accepted penalties, tied for 2nd fewest."
NYJ,sacks,Who owns the sacks?,4,"No public stat measures this directly, because the time of each sack isn't released. The best free combination is pressure-to-sack rate (how often pressure becomes a sack, mostly a QB measure) plus FTN's charting of each sack. Smith turns 39% of pressures into sacks (6th highest; league 26%), yet FTN has charged none of his 12 sacks to him. Eleven came in the pocket and seven against a standard rush, so when protection breaks, it breaks quickly."
NYJ,front,Front seven,4,"Pressure volume has dipped to 6.8 per game (25th; league 9.3), and the sack rate ranks 15th. David Bailey, Kingsley Enagbare and Demario Davis have two sacks each, and Bailey adds three QB hits, three tackles for loss and a forced fumble. The run defense ranks 12th in EPA per rush."
NYJ,db,Secondary,4,"The pass defense is 20th in EPA per dropback. Brandon Stephens has been the best cover man, allowing 10 catches on 22 targets with no touchdowns (64.8 rating). Azareye'h Thomas has allowed two touchdowns and a 113.0 rating, and linebacker Jamien Sherwood 163 yards on 19 targets. Opponents have made only two interception-worthy throws (league average 4.2)."
NYJ,cov,Coverage,4,"The Jets allow a 92.7 passer rating in coverage (19th; league 93.2) and 6.9 yards per target (6th). Minkah Fitzpatrick's interception was the first in coverage, leaving Dallas as the only team without one. Safeties are the best group at 73.8 (8th), cornerbacks have allowed four of the five touchdowns (two each by Thomas and Jarvis Brownlee), and linebackers sit at 105.2."
NYJ,st,Special teams,4,"Special teams rank 23rd in DVOA, up from 28th. Jason Sanders is 7 of 8 on field goals with a long of 52. Austin McNamara has punted 18 times at 48.7 yards gross and 40.1 net, six inside the 20. Isaiah Williams averages 24.1 yards per kick return."
PHI,team,Team efficiency,4,"Philadelphia is 2–2 and has been outscored by 18 after a 24–20 home loss to the Rams in which it gained 172 yards. The offense has fallen to 29th in EPA per play and 30th in success rate, scoring 18.8 points per game (26th), and the defense is 27th. The Eagles forced their first two turnovers in Week 4 but still have five giveaways to two takeaways."
PHI,dvoa,DVOA,4,"DVOA is steadier than EPA. Philadelphia is 22nd overall, with the 20th-ranked offense, 22nd-ranked defense and 9th-ranked special teams."
PHI,personnel,Personnel & fronts,4,"The Eagles are still run-leaning (10.8 points below expected pass rate, 30th), mostly out of three-receiver, one-back sets: one back on 82% of snaps (league 74%), at −0.07 EPA per play. The rare two-back looks have been worse (−0.43). On defense they rush four on 78% of dropbacks and blitz only 20% of the time (league 31%), and that's the right call: the four-man rush allows +0.00 EPA per dropback (league +0.10), while five or more have allowed +0.37."
PHI,motion,Presnap motion,4,"Philadelphia motions on 54% of snaps (23rd) and is much better with it: −0.03 EPA per play with motion against −0.20 without (30th). The passing game shows it most, +0.07 EPA per dropback after motion against −0.26 without. The defense is the reverse: −0.03 EPA per play allowed against motion (11th) but +0.22 without (31st)."
PHI,qb,Quarterbacks,4,"Jalen Hurts is at −0.06 EPA per dropback (25th of 33 qualified), with seven touchdowns, three interceptions and completions 2.7 points below expectation. Week 4 was his worst passing game, 12 of 27 for 93 yards and two touchdowns, 10.9 points below expectation. He holds the ball 3.21 seconds on average (4th-longest) and is the 3rd-least aggressive thrower into tight windows. Play action has backfired again (−0.37 EPA per dropback on 26 plays)."
PHI,rb,Running backs,4,"Saquon Barkley is still the best runner here at 5.1 yards per carry and 1.1 over Next Gen Stats' expectation, but he has only 36 carries in four games and has played 38% of snaps, the same share as Will Shipley. Tank Bigsby (28 carries, 3.25 yards per carry, 0.7 below expectation) and Shipley (15 carries, 3.4) haven't come close. Philadelphia has three broken tackles in four games, 31st per game (Pro Football Reference charting)."
PHI,wr,Receivers & TE,4,"DeVonta Smith is the volume target, with 25% of the targets and 37% of the air yards, but only +0.05 EPA per target. Dontayvion Wicks has been the bigger-play option: 197 yards on 20 targets, a 13.1-yard depth of target and 1.3 yards of YAC over expected per catch (+0.53 EPA per target). Makai Lemon has 10 catches on 15 targets for only 65 yards, while Darius Cooper and Dallas Goedert have combined for five touchdowns on 10 catches."
PHI,ol,Offensive line,4,"Jordan Mailata, Cam Jurgens and Tyler Steen have played every snap, Lane Johnson 75% with Markel Bell filling in, and Drew Kendall and Landon Dickerson have shared the other guard spot. Pressure (24.1%, 22nd) and sacks (8.7%, 28th) are both below average, and Jurgens has four of the line's 11 accepted penalties. The most-used run lane outside the middle, right tackle, averages 2.6 yards and −0.25 EPA per carry."
PHI,sacks,Who owns the sacks?,4,"No public stat measures this directly, because the time of each sack isn't released. The best free combination is pressure-to-sack rate (how often pressure becomes a sack, mostly a QB measure) plus FTN's charting of each sack. Week 4 shifted the picture. Hurts still turns pressure into sacks at 36% (league 26%), and FTN charged 6 of his 12 sacks to him, all in the first three weeks. None of the four Rams sacks were on him: two rushes won, one blitz and one extended play. The line now shares the blame."
PHI,front,Front seven,4,"The pass rush is still thin: 5.8 pressure credits per game (31st) and four sacks, a 2.6% sack rate that ranks 30th. Jalyx Hunt leads with seven pressures and four QB hits, and Nolan Smith has two sacks. The run defense ranks 29th in EPA per rush, despite four tackles for loss from Zack Baun and three from Smith."
PHI,db,Secondary,4,"Philadelphia is 23rd in pass defense EPA, and its first two interceptions came in Week 4, from Andrew Mukuba and Cooper DeJean. Quinyon Mitchell has held up (13 of 20, an 85.4 rating), and Zack Baun has three passes defensed. Riq Woolen has allowed 160 yards on 20 targets and DeJean two touchdowns from the slot."
PHI,cov,Coverage,4,"Philadelphia is 16th in coverage passer rating (91.0) and has allowed only four touchdowns, 3rd fewest, but opponents complete 65.4% (25th). Linebackers are the best group at an 85.4 rating on 46 targets. Cornerbacks are at 89.0 against a league 93.3, and the safeties have allowed 11 of 14 for 216 yards, 15.4 yards per target."
PHI,st,Special teams,4,Jake Elliott is 4 for 4 on field goals with a long of 58 and 9 for 9 on extra points. Braden Mann has put 10 of 19 punts inside the 20 with a 43.4-yard net. Britain Covey averages 13.5 yards per punt return.
PIT,team,Team efficiency,4,"2–2 after a 27–24 loss at Cleveland. The offense ranks 28th in EPA per play and 28th passing, though it has been positive in each of the last two games after a dismal start. The defense has slid from 12th to 14th in EPA per play and allowed positive EPA in both of those games, while the sack rate (8th) remains a strength."
PIT,dvoa,DVOA,4,"DVOA has Pittsburgh 21st (−7.4%), down from 18th. The offense improved from 23rd to 18th, but the defense fell from 7th to 13th, and special teams are 24th."
PIT,personnel,Personnel & fronts,4,"Pittsburgh passes more than its situations would predict (5 points over expected, 5th highest). One-back sets, used on 80% of snaps, are still the problem at −0.23 EPA per play, while two-back looks have produced +0.32. On defense, the four-man rush (−0.06 EPA per dropback) has been far better than sending five or more (+0.36). Pittsburgh has the 3rd most linebackers on the field (4.0 on average)."
PIT,motion,Presnap motion,4,"Pittsburgh motions less than almost anyone (49% of snaps, 29th), and its passing game has been worse with it (−0.22 EPA per pass play vs. −0.09 without, 31st with motion). Runs are the exception: with motion, Pittsburgh averages 5.6 yards per carry against 3.1 without. The defense faces motion on 63% of plays and has handled it (−0.04 EPA per play vs. +0.06 without), especially on runs (3.6 yards per carry vs. 5.5)."
PIT,qb,Quarterbacks,4,"Aaron Rodgers has edged up to 28th of 33 qualified quarterbacks in EPA per dropback (−0.13), with seven touchdowns and four interceptions, and completions remain below expectation (−3.0 points by NGS). Play action is still the whole story: +0.49 EPA per dropback with it and −0.31 without, the 2nd-widest gap in the league. Week 4 was his most aggressive game (27.5% of throws into tight windows), with three touchdowns and two interceptions. His receivers have eight drops, tied for 3rd most."
PIT,rb,Running backs,4,"Jaylen Warren remains one of the league's best runners by Next Gen Stats: 5.6 yards per carry and 1.5 yards per carry over expectation, 3rd of 46 qualified backs. He has six broken tackles, four on runs and two after catches (Pro Football Reference charting), and 163 of his 309 yards have come after contact. Rico Dowdle is still at 2.5 yards per carry and a 13% success rate on 15 carries."
PIT,wr,Receivers & TE,4,"DK Metcalf leads with 33 targets (23%) and 38% of the air yards but has 16 catches for 213 yards, about break-even per target (−0.02 EPA), with three drops. Roman Wilson has taken on more of the downfield work (24 targets, 14.6-yard depth, two touchdowns, +0.31 EPA per target). Tight end Darnell Washington leads all 111 NGS-tracked receivers in YAC over expectation (5.5 per catch), and Pat Freiermuth has two touchdowns on 19 targets."
PIT,ol,Offensive line,4,"Zach Frazier and Mason McCormick have played every snap and Troy Fautanu all but one, while the other two spots have been split almost evenly between Spencer Anderson and Dylan Cook (49% each) and Brock Hoffman and Max Iheanachor (51% each). Pressure arrives on 24% of dropbacks (23rd), and the sack rate has climbed to 7.6% (24th). Run blocking ranks 23rd in yards before contact (2.2 per carry). The line has drawn only four accepted penalties, 2nd fewest."
PIT,sacks,Who owns the sacks?,4,"No public stat measures this directly, because the time of each sack isn't released. The best free combination is pressure-to-sack rate (how often pressure becomes a sack, mostly a QB measure) plus FTN's charting of each sack. Week 4 changed the picture: FTN charged all five sacks at Cleveland to Rodgers, so six of his 13 are now on the quarterback, and he turns 32.5% of pressures into sacks (10th highest of 36; league 26%). Of the rest, three came against blitzes, two on extended plays and two on a standard rush."
PIT,front,Front seven,4,"T.J. Watt has 4.5 sacks, eight pressures, seven QB hits, six tackles for loss and an interception. Alex Highsmith has three sacks and five tackles for loss, and Cameron Heyward has four passes defensed. Pressure volume is low (6.8 per game, 25th; league 9.3), but the sack rate ranks 8th. The run defense is 17th in EPA per rush."
PIT,db,Secondary,4,"Pass defense has slipped to 16th in EPA per dropback (from 9th). Patrick Queen (a 37 passer rating on 20 targets, an interception) and Jaquan Brisker (58, an interception) lead a strong second level. The corners are the leak: Asante Samuel Jr. has allowed 242 yards on 19 targets (a 133 rating), Jalen Ramsey three touchdowns, and Daylen Everette 141 yards on nine targets."
PIT,cov,Coverage,4,"Pittsburgh holds opponents to a 58% completion rate (8th) but allows 8.6 yards per target (27th), netting an 88.9 passer rating (11th; league 93.2). Corners have allowed a 128.3 rating and all six touchdowns on 65 targets (league 93.3 for corners), while safeties (53.2) and linebackers (59.4) are far better than the league marks (98.3 and 90.8). Four interceptions in coverage rank 4th."
PIT,st,Special teams,4,"Chris Boswell is 7 of 10 on field goals with a long of 56. Cameron Johnston has punted 18 times, netting 42.6 yards with nine inside the 20. Kaden Wetjen averages 22.6 yards on 14 kick returns, and special teams rank 24th in DVOA. Pittsburgh has one special teams penalty, tied for fewest in the league."
SEA,team,Team efficiency,4,"A top-two defense carrying a middling offense. Seattle is 3–1 at +32, 2nd in defensive EPA per play and success rate, 3rd against the run and 4th against the pass. The offense is 13th in EPA per play: 10th through the air, 28th on the ground. Week 4's 30–23 win over the Chargers came with −0.09 offensive EPA per play, but the defense forced 4 turnovers."
SEA,dvoa,DVOA,4,DVOA has Seattle 6th (20.1%) with the No. 1 defense (−22.6%). The offense (16th) and special teams (17th) are average.
SEA,personnel,Personnel & fronts,4,"Seattle plays two or more backs on 27% of plays (league 20%) and uses play action on 35% of dropbacks, 2nd most, where it gains +0.38 EPA per dropback against +0.10 without. The defense plays the 2nd-fewest defensive linemen and 5th-most defensive backs, blitzes on 22% of dropbacks (5th lowest) and rushes four on 77%, holding offenses to −0.10 EPA per dropback when it does (league +0.10)."
SEA,motion,Presnap motion,4,"Seattle uses motion on 57% of plays (16th) and is worse with it: −0.08 EPA per play against +0.15 without. Runs after motion average −0.29 EPA (29th). The defense is good either way, 2nd best against motion (−0.15) and 6th without it (−0.12)."
SEA,qb,Quarterbacks,4,"Sam Darnold has started the last two games and is 22nd of 33 qualifiers at −0.01 EPA per dropback, with 6 touchdowns, 3 interceptions and completions 6.1 points above expectation. He holds the ball 3.3 seconds per throw, 2nd longest among qualifiers. Drew Lock (+0.48, 2nd in the league, from Weeks 1–2) remains the efficiency leader. Opponents blitz Seattle on 41% of dropbacks, 2nd most, and the offense plays the same either way (+0.20 EPA per dropback against the blitz, +0.19 without)."
SEA,rb,Running backs,4,"The run game is still the weak link, 28th in EPA per carry. Emanuel Wilson averages 3.6 yards per carry (−0.37 under Next Gen Stats' expectation, 34th of 46), Jadarian Price 4.3 per carry but −0.45 EPA per carry, and George Holani 3.2. The backs get 2.5 yards before contact (15th), and Seattle has 8 broken tackles (18th per game)."
SEA,wr,Receivers & TE,4,"Jaxon Smith-Njigba is one of the most featured receivers in the league: 37% of the targets and half the air yards, turned into 32 catches, 481 yards, 6 touchdowns and +0.77 EPA per target. Cooper Kupp has caught 9 of 12 for 114 yards and a touchdown. Rashid Shaheed (7 of 15, −0.50 EPA per target) and AJ Barner (−0.53) have been drags."
SEA,ol,Offensive line,4,"Pressure allowed is high (28% of dropbacks, 3rd most) and the sack rate has risen to 4.7% (12th) after 3 sacks against the Chargers. Charles Cross, Abraham Lucas, Grey Zabel and Jalen Sundell have played every snap while Christian Haynes, Beau Stephens and Anthony Bradford rotate at right guard. Runs up the middle (2.7 yards per carry, −0.46 EPA on 30 carries) are the run game's biggest problem."
SEA,sacks,Who owns the sacks?,4,"No public stat measures this directly, because the time of each sack isn't released. The best free combination is pressure-to-sack rate (how often pressure becomes a sack, a measure that mostly reflects the QB) plus FTN's charting of each sack. Week 4 changed the picture: FTN charged all 3 sacks against the Chargers to Darnold. Of Seattle's 6 sacks, 3 were his fault, 2 came on extended plays and 1 when a standard rush won. Darnold is pressured on 33% of dropbacks but turns only 16% of pressures into sacks (league 26%), and Lock turned 2 of 9."
SEA,front,Front seven,4,"A top-three run defense (−0.23 EPA per rush) with a four-man rush that gets home: 11.5 pressures per game (6th) and 11 sacks (7.4% rate, 10th). Leonard Williams has 3 sacks, 5 tackles for loss and 6 QB hits, Derick Hall 2 sacks and 6 QB hits, and DeMarcus Lawrence 8 pressures. Drake Thomas has 4 tackles for loss, a sack and an interception."
SEA,db,Secondary,4,"4th against the pass, with takeaways throughout. Julian Love has 2 interceptions and a 25 passer rating allowed, and Nehemiah Pritchett (48 rating) and Josh Jobe (70) each have one. Devon Witherspoon has allowed 97 yards and no touchdowns on 23 targets."
SEA,cov,Coverage,4,"The best coverage numbers in the league by PFR charting: a 65.8 passer rating allowed (1st; league 93.2), 5.1 yards per target (2nd) and 6 interceptions (tied for most). Opponents are 77 of 132 for 678 yards and 5 touchdowns. The safeties allow a 52.2 rating (2nd among safety groups), and linebackers see 34% of the targets (5th most; league 27%) with 2 interceptions. Ernest Jones is the most targeted defender (24 targets, 57.1 rating)."
SEA,st,Special teams,4,"Jason Myers is 5 for 5 on field goals with a long of 57 and 12 of 13 on extra points. Michael Dickson nets 42.9 yards per punt with 8 of 18 inside the 20, and Rashid Shaheed averages 27.3 yards per kickoff return."
SF,team,Team efficiency,4,"Still the best team in football: 4–0 with a +58 point differential, 1st in offensive EPA per play (+0.29), 1st in success rate and 1st in passing EPA, and still without a sack allowed. Week 4 was the quietest offensive game yet (+0.12 EPA per play in a 24–14 win over Denver). The defense is average (16th in EPA per play, 18th against the pass) and the run game 15th."
SF,dvoa,DVOA,4,"DVOA has San Francisco 1st at 54.8%, with the No. 1 offense (44.6%) and No. 5 defense (−13.5%). Special teams rank 22nd."
SF,personnel,Personnel & fronts,4,"The most creative usage in the league. San Francisco has the most backs on the field (1.5 per snap, with Kyle Juszczyk at fullback) and plays with two or more backs on 34% of plays (league 20%). It also goes empty on 13% (league 6%), where it averages +1.06 EPA per play on 29 snaps. On defense, sending five or more (−0.13 EPA per dropback) has been far better than four (+0.18)."
SF,motion,Presnap motion,4,"San Francisco uses motion on 80% of plays, 2nd most, and is elite either way: +0.28 EPA per play with motion (1st) and +0.33 without (2nd). Motion helps the run game (−0.03 against −0.11 without) more than the passing game. The defense is 4th best against motion (−0.08) but 28th without it (+0.16)."
SF,qb,Quarterbacks,4,"Brock Purdy still leads all qualifiers at +0.57 EPA per dropback, with 11 touchdowns, 1 interception and a 126.2 passer rating, and he has not been sacked on 122 dropbacks. Week 4 was his first game below expectation (completions −5.0 points), and his season figure is now +4.2. FTN has charted only 3 interception-worthy throws for the offense. Blitzing him still backfires: +1.08 EPA per dropback against the blitz."
SF,rb,Running backs,4,"Christian McCaffrey is efficient rather than dominant: 218 yards at 4.4 per carry, +0.26 over Next Gen Stats' expectation (11th of 46), plus 16 catches for 122 yards. He has 5 of the team's 10 broken tackles. Kaelon Black (3.9 per carry, −0.46 over expected) has been a step down, and Deebo Samuel Sr. has 74 yards on 7 carries."
SF,wr,Receivers & TE,4,"Production is spread across four players. Mike Evans leads in efficiency (+1.03 EPA per target, 213 yards, 36% of the air yards) on 1.8 yards of separation; that figure includes the Week 3 lateral touchdown. George Kittle has 244 yards, 4 touchdowns and 3.2 yards after the catch above expectation. Deebo Samuel Sr. has 14 catches for 185 yards and 3 touchdowns on short throws with 4.7 yards of separation, and McCaffrey ties Kittle with 22 targets."
SF,ol,Offensive line,4,"The best pass protection in the league: pressure on 13% of dropbacks, the lowest rate, and no sacks. Colton McKivitz and Connor Colby have played every snap, Dominick Puni and Jake Brendel nearly all of them, and Trent Williams 87%. The 3.0 yards before contact per carry ranks 3rd, but Purdy's scrambles inflate it (the backs alone average about 2.4). Runs behind right guard (−0.23 EPA on 18 carries) are the weak lane."
SF,sacks,Who owns the sacks?,4,"No public stat measures this directly, because the time of each sack isn't released. The best free combination is pressure-to-sack rate (how often pressure becomes a sack, a measure that mostly reflects the QB) plus FTN's charting of each sack. There's still nothing to assign: Purdy has been pressured 16 times and sacked none. The credit is shared between the line (the lowest pressure rate in the league) and Purdy getting rid of the ball."
SF,front,Front seven,4,"An average rush by volume (9.5 pressures per game, 17th) that rarely finishes (3.9% sack rate, 26th; 6 sacks). Osa Odighizuwa leads with 7 pressures and 5 QB hits, Keion White has 2 sacks and 6 pressures, and Nick Bosa has 4 pressures in part-time snaps. Fred Warner has 40 tackles, 2 forced fumbles and 3 passes defensed. The run defense ranks 19th."
SF,db,Secondary,4,"18th against the pass. Deommodore Lenoir has allowed 90 yards and no touchdowns on 22 targets (72 passer rating), Renardo Green has an interception and a 75 rating, and Marques Sigle has allowed 2 catches on 7 targets. Upton Stout (234 yards on 23 targets, 117 rating) and Jack Jones (2 touchdowns, 120 rating in a part-time role) are the weak spots."
SF,cov,Coverage,4,"Better in coverage than the EPA rank suggests. San Francisco allows an 88.9 passer rating (10th; league 93.2) and 6.2 yards per target (3rd), but opponents complete 63% (19th) and the coverage has only 1 interception (25th). Cornerbacks draw 54% of the targets (tied for 4th most; league 46%) at a 95.7 rating, while the safeties are barely tested (15% of targets, 2nd lowest) and allow a 56.4 rating."
SF,st,Special teams,4,"Below average (22nd in special teams DVOA). Eddy Pineiro is 4 of 6 on field goals with a long of 57 and has missed 2 of 16 extra points. Deebo Samuel Sr. averages 25.7 yards per kickoff return, and Corliss Waitman nets 43.8 yards per punt."
TB,team,Team efficiency,4,"An 0–4 start that is still entirely about the offense. Tampa Bay ranks 31st in offensive EPA per play, 32nd passing and 29th in success rate, and its 10.1% sack rate is the worst in the league. The defense is 6th in EPA per play and 4th against the run, which is why all four losses have been by seven points or fewer, the latest 17–14 to Green Bay with Jalon Daniels starting at quarterback. Nine giveaways against four takeaways have tipped the close games."
TB,dvoa,DVOA,4,"DVOA is far kinder than the record, ranking Tampa Bay 18th overall (from 21st). The defense has jumped to 9th (from 16th), the offense is still 24th and special teams are 14th."
TB,personnel,Personnel & fronts,4,"The offense lives in three-receiver sets, with 2.7 wideouts per snap (3rd most) and few tight ends (30th). The defense is one of the most aggressive in the league, blitzing on 42% of dropbacks by FTN's count (3rd), and that remains its best weapon: −0.32 EPA per dropback when sending five or more, against +0.30 with four rushers. It also loads the box against the run, with eight or more on 24% of runs (league 9%)."
TB,motion,Presnap motion,4,"No offense depends on motion more. Tampa Bay motions on 70% of plays (4th; league 58%) and is roughly break-even with it (−0.02 EPA per play) but collapses without it (−0.47, last in the league), the biggest motion gain anywhere at +0.45. The split is starkest on dropbacks: −0.01 EPA and 6.2 yards per play with motion, −0.60 and 2.9 yards without. On defense, the run stops are best when the offense stays still (−0.34 EPA per carry, 1st)."
TB,qb,Quarterbacks,4,"Baker Mayfield is last among 33 qualifiers at −0.26 EPA per dropback, with completions at expectation (Next Gen Stats), 2 touchdowns, 2 interceptions and an 80.0 passer rating, and he has been sacked on 11% of dropbacks. Jalon Daniels started Week 4 against Green Bay and went 19 of 27 for 148 yards, a touchdown and 2 interceptions (65.0 rating) on short throws (4.2-yard average intended air yards). Play action still hasn't helped (−0.39 EPA per dropback against −0.15 without), and FTN has charted 5 interception-worthy throws (8th most)."
TB,rb,Running backs,4,"Bucky Irving is averaging 4.3 yards per carry, right at Next Gen Stats' expectation, with a 38% success rate and roughly zero EPA per carry. Tampa Bay's backs get room (2.8 yards before contact per carry, 8th), but Tampa Bay has broken only 4 tackles in four games, 28th per game, and Irving has two on 69 touches (Pro Football Reference charting). He has been a frequent but low-value receiver, 13 catches for 61 yards on 15 targets, and Kenny Gainwell has 26 yards on 13 carries."
TB,wr,Receivers & TE,4,"Chris Godwin Jr. is the most efficient target, catching 16 of 18 for 142 yards and +0.33 EPA per target with 1.5 yards after the catch above expectation. Emeka Egbuka leads with 24 targets but has slipped to −0.07 EPA per target, and Cade Otton (15 catches, 157 yards) has 3 of the team's 6 FTN-charted drops (league average about 4.7). Ted Hurst III runs the deepest routes (17.8-yard average depth of target) with 1.8 yards of separation and has caught 8 of 16."
TB,ol,Offensive line,4,"The five starters (Wirfs, Goedeke, Barton, Mauch and Bredeson) have played every snap. Pressure allowed is above average (25.5%, 27th) but not extreme, which suggests the 32nd-ranked sack rate is mostly about what happens after the pressure; see Who owns the sacks. The run blocking is better than the results: backs gain 2.8 yards before contact per carry (8th), but runs up the middle average 1.9 yards and runs behind right guard 3.1 with a 25% success rate."
TB,sacks,Who owns the sacks?,4,"No public stat measures this directly, because the time of each sack isn't released. The best free combination is pressure-to-sack rate (how often pressure becomes a sack, a measure that mostly reflects the QB) plus FTN's charting of each sack. It points at the quarterbacks. Mayfield turns pressure into sacks at 45% (3rd highest; league 26%), and of the 16 sacks FTN charged 5 to the quarterback and 5 more came on extended plays outside the pocket. Five came on blitzes, including two of Daniels' three against Green Bay, and only one came on a standard rush with no blitz."
TB,front,Front seven,4,"A strong run defense (4th in EPA per rush) and a pass rush that depends on the blitz: 6.3 pressures per game (30th) and a 4.4% sack rate (25th). Linebacker David Walker has 2 sacks and 3 tackles for loss in 52 snaps, Josiah Trotter has an interception, a sack and 33 tackles. Alex Anzalone has struggled in coverage, allowing 15 catches on 19 targets for 212 yards and a 148 passer rating."
TB,db,Secondary,4,"13th against the pass. Zyon McCollum has 4 passes defensed but has allowed a 109 passer rating, while Benjamin Morrison (78 on 17 targets) and Jacob Parrish (71 on 16, with an interception) have been steadier. Tykee Smith remains the weak spot, allowing 159 yards, 3 touchdowns and a 125 rating on 17 targets."
TB,cov,Coverage,4,"A 99.3 passer rating allowed (22nd; league 93.2) and 7.6 yards per target (18th), with opponents completing 65.6% of charted targets (26th). The middle of the field is still the soft spot: linebackers have allowed a 105.1 rating, mostly Anzalone, and safeties a 126.6 rating at 9.5 yards per target on 24 targets. The corners are close to league average, 92.6 on 67 targets (league 93.3)."
TB,st,Special teams,4,"Chase McLaughlin is 9 for 9 on field goals with a long of 59 and 7 for 7 on extra points. Kenny Gainwell (26.0) and Kameron Johnson (30.6) give Tampa Bay a strong kickoff return pair. Riley Dixon nets 36.9 yards per punt with only 3 of 17 inside the 20, the soft spot."
TEN,team,Team efficiency,4,"Tennessee is 0–4 after an 18–24 loss at Baltimore and has the second-lowest scoring offense in the league at 13.8 points per game. It is still among the most run-heavy teams, passing 11.8 points less often than expected (31st in PROE). The defense keeps games close (20.8 points allowed per game, 9th), and three of the four losses came by six points or fewer."
TEN,dvoa,DVOA,4,"DVOA still has Tennessee 29th overall (−28.5%), with the 23rd-ranked offense, the 27th-ranked defense and the 30th-ranked special teams."
TEN,personnel,Personnel & fronts,4,"The Titans still play more three-receiver sets than almost anyone (2.72 receivers per snap, 2nd; league 2.43) and fewer tight ends (1.25, league 1.43). Their two-back looks have turned negative (−0.18 EPA per play on 22% of snaps, after +0.15 through Week 3). Runs against light boxes are positive (+0.09 EPA on 55% of runs), while seven-man boxes have cost −0.29 per run. On defense, sending five or more rushers keeps going badly (+0.68 EPA per dropback on 28 plays), while the four-man rush allows +0.07."
TEN,motion,Presnap motion,4,"Tennessee uses presnap motion on 46% of plays, the lowest rate in the league (league 58%), and its motion plays have been poor: −0.20 EPA per play with motion (31st) against break-even without. The gap is widest on runs, at −0.19 EPA per carry with motion and +0.17 without. On defense the run defense is about break-even against motion (26th) but strong without it (−0.20 EPA per run, 6th)."
TEN,qb,Quarterbacks,4,"Cam Ward is still playing it safe: Next Gen Stats has him throwing into tight windows on 7.6% of attempts (league 15.0%), and his average throw lands 2.7 yards short of the sticks. The result is −0.11 EPA per dropback (26th of 33 qualifiers) with completions 1.9% below expectation, 3 touchdowns and 2 interceptions; at Baltimore he went 20 of 31 for 222 yards with a touchdown and an interception. Play action hasn't helped (−0.20 EPA per dropback with it, −0.08 without)."
TEN,rb,Running backs,4,"Tony Pollard is still beating Next Gen Stats' expectation, but by less (0.21 yards per carry, 13th of 46 qualifiers, down from 0.80 after Week 3), and he is at 4.1 yards per carry and −0.08 EPA per carry on 54 carries. Tyjae Spears has added 65 yards on 15 carries. Tennessee has 4 broken tackles in four games, 1.0 per game and 28th in Pro Football Reference charting; Pollard has two."
TEN,wr,Receivers & TE,4,"Rookie Carnell Tate has become the clear No. 1: 32 targets (30% share), 52% of the air yards, 22 catches for 268 yards and +0.16 EPA per target, up from −0.08 after Week 3. Wan'Dale Robinson has been efficient on shorter work (16 of 23, two touchdowns, +0.19 EPA per target). Elic Ayomanor remains the big-play option with 113 yards on 5 catches, while Gunnar Helm is at −0.17 EPA per target."
TEN,ol,Offensive line,4,"Pass protection is holding up: pressure on 22% of dropbacks (10th) and a 4.4% sack rate (9th). Four linemen have played every snap, while right guard has rotated among Fernando Carmona, Atonio Mafi and Jackson Slater. Runs behind left tackle are still the problem (20 carries at 2.8 yards, −0.25 EPA each), and backs average 2.6 yards before contact (13th)."
TEN,sacks,Who owns the sacks?,4,"No public stat measures this directly, because the time of each sack isn't released. The best free combination is pressure-to-sack rate (how often pressure becomes a sack, mostly a QB measure) plus FTN's charting of each sack. It still points at the quarterback more than the line. Ward converts pressure to sacks well below the league rate (21% vs. 26%), but FTN charged 3 of his 6 sacks to him and charted 2 more as extended plays. The only sack from a standard rush beating the line came at Baltimore."
TEN,front,Front seven,4,"The pass rush is thin as a unit: 6.8 pressures per game ranks 25th and the 6.3% sack rate is 14th. Jacob Martin leads with 7 pressures and 1.5 sacks on 57% of snaps, Jeffery Simmons has 6 pressures, 2 sacks and 5 QB hits, and John Franklin-Myers adds 5 pressures. The run defense is 18th in EPA per rush."
TEN,db,Secondary,4,"28th in pass defense EPA. Marcus Harris has allowed a 63.8 passer rating with an interception, and Amani Hooker has an interception but has allowed 180 yards on 17 targets. Alontae Taylor has allowed 13 catches on 15 targets for only 104 yards, and adds a sack and 4 tackles for loss."
TEN,cov,Coverage,4,"The Titans still give up completions: opponents complete 73.4% of passes in coverage (31st), but have only 4 touchdowns (tied for 3rd fewest) on 109 targets. The passer rating allowed has risen to 102.3 (24th; league 93.2). Linebackers see 34% of targets (league 27%) and have allowed a 112.0 rating, with Anthony Hill giving up 2 touchdowns on 19 targets."
TEN,st,Special teams,4,"The coverage units remain the issue. Tommy Townsend has punted 21 times at 49.2 gross but 41.5 net yards. Joey Slye is 4 of 5 on field goals with a long of 42, and Chimere Dike returns both kicks (26.4 yards) and punts (7.1). DVOA ranks the unit 30th, and 8 accepted special-teams penalties are tied for 3rd most."
WAS,team,Team efficiency,4,"Washington is 1–3 and has been outscored by 34 after a 30–13 home loss to Indianapolis, allowing 30.5 points per game (30th). The offense has slipped to 21st in EPA per play and 28th in success rate. The defense has improved to 20th and has five takeaways in the last two games."
WAS,dvoa,DVOA,4,"DVOA is harsh. Washington is 28th overall, with the 27th-ranked offense, 23rd-ranked defense and 26th-ranked special teams."
WAS,personnel,Personnel & fronts,4,"The offense lives in one-back sets (86% of snaps, league 74%), and those plays sit at −0.09 EPA. The defense blitzes on 47% of dropbacks, the 2nd-highest rate in the league (league 31%), and it's working better than the four-man rush: −0.03 EPA per dropback with five or more rushers vs. +0.16 with four."
WAS,motion,Presnap motion,4,"Washington motions less than most teams (52% of snaps, 27th) but gets the 2nd-biggest lift in the league from it: +0.13 EPA per play with motion (6th) against −0.23 without (31st). Passes after motion average +0.25 EPA, against −0.20 without. On defense motion makes little difference (+0.02 EPA per play with it, +0.05 without)."
WAS,qb,Quarterbacks,4,"Three quarterbacks have played. Jayden Daniels (+0.20 EPA per dropback, three touchdowns) started the first two games and Marcus Mariota (+0.09, four touchdowns, no interceptions) the last two. Athan Kaliakmanis took over early against Indianapolis and went 15 of 33 for 186 yards with a touchdown and an interception, −0.30 EPA per dropback. The offense struggles against the blitz (−0.25 EPA per dropback vs. +0.10 without)."
WAS,rb,Running backs,4,"Jacory Croskey-Merritt still has the most carries (56) but averages 2.8 yards per carry, 1.3 below Next Gen Stats' expectation (2nd-worst of 46 qualified backs), and still has no broken tackles on runs (Pro Football Reference charting). Rachaad White has been more productive: 4.5 yards per carry on 22 carries and three broken tackles on runs. The blocking isn't the main problem, at 2.9 yards before contact per carry (7th)."
WAS,wr,Receivers & TE,4,"Stefon Diggs leads with 31 targets and has three touchdowns on 18 catches, but only 5.5 yards per target. Terry McLaurin (22 targets, 13.1-yard depth of target) has been more efficient at +0.41 EPA per target despite two drops. Antonio Williams has cooled to +0.12 EPA per target (12 catches on 19 targets), and Treylon Burks has two touchdowns on three catches. FTN charts seven drops for the team, above the league average of 4.7."
WAS,ol,Offensive line,4,"Josh Conerly and Chris Paul have played every snap and Brandon Coleman 96%, while Nick Allegretti, Matt Gulbin, Samuel Cosmi and Lucas Patrick have rotated through the interior. Pressure is still a problem (25.2% of dropbacks, 25th), but the sack rate is 3.2%, 2nd-best in the league. The right side struggles in the run game: right guard averages 1.9 yards and −0.31 EPA on 19 carries, and right tackle 2.7 yards and −0.34."
WAS,sacks,Who owns the sacks?,4,"No public stat measures this directly, because the time of each sack isn't released. The best free combination is pressure-to-sack rate (how often pressure becomes a sack, mostly a QB measure) plus FTN's charting of each sack. Only 5 of 39 pressures became sacks (13% vs. a 26% league rate), and FTN charged none of them to the quarterbacks: three rushes won, one blitz and one extended play. The line allows a lot of pressure, and all three quarterbacks have erased most of it."
WAS,front,Front seven,4,"The pass rush creates pressure, 11.3 pressure credits per game (8th), but only seven sacks (4.6%, 23rd). Odafe Oweh (eight pressures, two sacks, five QB hits) and K'Lavon Chaisson (seven pressures, 1.5 sacks, five QB hits) lead, and Daron Payne has seven pressures from the interior. Sonny Styles has a sack, an interception and a forced fumble. The run defense has slipped from 3rd to 13th in EPA per rush."
WAS,db,Secondary,4,"Still the weak spot, though it gave up less in Week 4. Mike Sainristil has allowed 10 of 13 for four touchdowns, and safety Jeremy Reaves three touchdowns and 155 yards on 11 targets. Amik Robertson has seven passes defensed on 30 targets (an 88.5 rating), and Rasul Douglas has held opponents to a 60.8 rating with an interception."
WAS,cov,Coverage,4,"Washington is no longer last: a 104.6 passer rating allowed (28th, from 32nd), and it allowed no coverage touchdowns in Week 4, though its 11 for the season rank 30th. Safeties (147.3 rating, five touchdowns on 26 targets) and cornerbacks (110.2, six touchdowns) are both well above the league averages of 98.3 and 93.3. The linebackers remain the exception at 66.4 on 50 targets, with interceptions from Sonny Styles and Kain Medrano."
WAS,st,Special teams,4,"Washington ranks 26th in special teams DVOA. Drew Stevens is 7 of 9 on field goals with a long of 57 but has missed two of nine extra points. Tress Way has put 6 of 19 punts inside the 20 with a 41.2-yard net, and Jaylin Lane averages 24.6 yards per kickoff return."
